content,brand,model,score,sentiment_original,score_dict,sentiment_dict
maÅ‚y wÄ…ski oddaÅ‚em sklepu mogÅ‚em zamÃ³wiÅ‚em internet wolaÅ‚em doÅ‚oÅ¼yÄ‡ 600 kupiÄ‡ iphone 12 wiÄ™kszy ekran a dodam uÅ¼ywaÅ‚em poprzedniego iphone 7 35 moim przypadku decyzja min 3 lata dÅ‚uÅ¼ej jestem zadowolony polecam iphone 12 wiÄ™kszym ekranem 61 cala,Apple,iPhone12â€ŒPro256GB(niebieski),10,N,0.42105263157894735,P
not recommend buy from this store the iphone is not original there are many technical problems that have been returned and now in maintenance,Apple,iPhone12â€ŒPro256GB(niebieski),10,N,0.0,P
telefon chciaÅ‚ wÅ‚Ä…czyÄ‡ udaÅ‚o pomocÄ… podÅ‚Ä…czenia komputera sam telefon dwÃ³ch dniach zaczÄ…Å‚ grzaÄ‡ wyÅ‚Ä…czaÄ‡ moÅ¼liwoÅ›ci wÅ‚Ä…czenia telefon zostaÅ‚ wysÅ‚any sprzedawcy a firma wysÅ‚aÅ‚a serwisu naprawa 3 tydzieÅ„ czekam telefon wszystkiego dowiadywaÄ‡ samemu sprzedawca wykazuje zainteresowania tematem polecam nikomu lepiej doÅ‚oÅ¼yÄ‡ trochÄ™ mieÄ‡ dobry telefonzobaczymy zakoÅ„czy narazie mam kasy telefonu,Apple,iPhone12â€ŒPro256GB(niebieski),20,N,0.20408163265306123,P
czekacie mojÄ… opiniÄ™ a 17 marca czekam wysyÅ‚kÄ™ dziÅ› 22 marca dowiadujÄ™ macie towar wysyÅ‚acie kpina zapÅ‚acone dniu zamÃ³wienia ostatnie was pÃ³jdÄ™ media markt kupiÄ™ rÄ™ki samym dniu pozdrawiam,Apple,iPhone12â€ŒPro256GB(niebieski),20,N,-0.3103448275862069,N
produkt sklep wysyÅ‚a telefon prawie 6 kurierem rzuciÅ‚ telefon beton posesji Å¼adnego potwierdzenia trochÄ™ sÅ‚abe zwÅ‚aszcza zabezpieczony dobrze widziaÅ‚em okna zabraÄ‡ paczkÄ™ mÃ³gÅ‚ kaÅ¼dy ulicy a wystarczyÅ‚o wysÅ‚aÄ‡ potwierdzeniem odbioru raczej tutaj kupiÄ™,Apple,iPhone12â€ŒPro256GB(niebieski),40,N,0.030303030303030304,P
ogÃ³lnie taka cenÄ™ kupiÅ‚ ponownie przesiadÅ‚em iphone 7 plus Å¼aÅ‚uje mniejszy bateria sÅ‚abiutka szczegÃ³lnego,Apple,iPhone12â€ŒPro256GB(niebieski),40,N,-0.42857142857142855,N
niestety zawiodÅ‚am maxa zamÃ³wiÅ‚am dwa telefony wartoÅ›ci okoÅ‚o 12 a towar byle zapakowany Å¼adnej naklejki â€ rzucaÄ‡ â€ owiniÄ™te folia bÄ…belkowÄ… folia firmy kurierskiej dpd maÅ‚o dostaÅ‚am jeden telefon uszkodzeniem fabrycznym,Apple,iPhone12â€ŒPro256GB(niebieski),60,P,-0.25806451612903225,N
dziaÅ‚a iphone pozycji horyzontalnej rozpoznaje twarzy brak prostego sposobu wyÅ‚Ä…czania wiecznie chodzi bateria szybciej padnie brak czytnika linii papilarnych jesteÅ› masce pozostaje wklepanie kodu pin waga wymiary cegÅ‚y ostrymi kantami etui nosiÄ‡ kieszeni da lepiej kupiÄ‡ 13 mini braku obiektywu 2x mniejszej baterii cena dodatkowÄ… pamiÄ™Ä‡ absurdalna ktoÅ› przyzwyczajony jabÅ‚uszka maÅ‚ego telefonu kupi androidowy odpowiednik 13 ceny,Apple,iPhone12â€ŒPro256GB(niebieski),70,P,-0.3157894736842105,N
jakoÅ›Ä‡ wykonania dobra chyba proces przeniesienia zawartoÅ›ci starego iphona nowy zawodny wykonaniu zgodnie wyÅ›wietlana instrukcja zawiesiÅ‚ resetowaÄ‡ ustawieÅ„ fabrycznych,Apple,iPhone12â€ŒPro256GB(niebieski),70,P,0.6842105263157895,P
przesiadlem sie 11 pro max 12 pro max mowiac szczerze zadna roznica nowego 11 mial lepiej trzymajaca baterie,Apple,iPhone12â€ŒPro256GB(niebieski),70,P,0.2222222222222222,P
dziaÅ‚a dobrze,Apple,iPhone12â€ŒPro256GB(niebieski),70,P,5.0,P
krÃ³tki czas mÃ³c oceniÄ‡,Apple,iPhone12â€ŒPro256GB(niebieski),70,P,0.0,P
takÄ… cenÄ™ sÅ‚aba kamerka,Apple,iPhone12â€ŒPro256GB(niebieski),70,P,-1.0,N
gÅ‚Ã³wnym kryterium wyboru telefonu rozmiar rozczarowaÅ‚em idealnie jakoÅ›Ä‡ wykonania spasowania idealna zastrzeÅ¼eniem telefon Å›liski etui nieuÅ¼ywalny koÅ„cu oceniÄ™ system ios osoby uÅ¼ywajÄ…cej dotychczas androida windowsa system ios uÅ‚omny krÃ³tko dwa tygodnie uÅ¼ywam pewnym przekonam ios dzieÅ„ dzisiejszy jednÄ… gwiazdkÄ™ odejmuje system android byÅ‚by ideaÅ‚ ps zapomniaÅ‚em wspomnieÄ‡ baterii tÄ… pojemnoÅ›Ä‡ dobrze moim uÅ¼ytkowaniu niewiele ustÄ™puje pixelowi 2xl dotychczas uÅ¼ytkowaÅ‚em,Apple,iPhone12â€ŒPro256GB(niebieski),80,P,0.5932203389830508,P
dobry telefon robi fantastyczne zdjÄ™cia nocy szybki,Apple,iPhone12â€ŒPro256GB(niebieski),80,P,1.8571428571428572,P
telefon telefon siebie kupiÅ‚ cenach znalazÅ‚bym duÅ¼o fajniejszego flagowca innej marki duÅ¼o lepszych parametrach najmniej 30 opÅ‚aty jabÅ‚uszko cÃ³rka chwali najwaÅ¼niejsze,Apple,iPhone12â€ŒPro256GB(niebieski),80,P,0.5238095238095238,P
dobrze idealnie przejÅ›cie androida brakuje opcji zamkniÄ™cia wszystkich appek tle przyciskiem,Apple,iPhone12â€ŒPro256GB(niebieski),80,P,0.9090909090909091,P
zamÃ³wiÅ‚am wtorek czwartek przesyÅ‚ka jedyny minus zapakowanie pudeÅ‚ka telefonem kawaÅ‚ek kartonu,Apple,iPhone12â€ŒPro256GB(niebieski),80,P,-0.45454545454545453,N
wysokiej jakosci ekran szybkosc pracy pracuje jednej baterii moich potrzebach dwa dni,Apple,iPhone12â€ŒPro256GB(niebieski),80,P,0.3333333333333333,P
szybko ocenic skok iphone 8 mini 12 hest odczuwalny,Apple,iPhone12â€ŒPro256GB(niebieski),80,P,0.0,P
jedynymi minusami waga iphona czas pracy baterii,Apple,iPhone12â€ŒPro256GB(niebieski),80,P,-0.7142857142857143,N
wszytsko pieknie Å‚adnie brak Å‚adowarki kabel,Apple,iPhone12â€ŒPro256GB(niebieski),80,P,1.0,P
Å›wietny telefon bateria trochÄ™ zawiodÅ‚a,Apple,iPhone12â€ŒPro256GB(niebieski),80,P,1.8,P
super produkt jakiego sie spodziewaÅ‚em pi marce,Apple,iPhone12â€ŒPro256GB(niebieski),80,P,1.1428571428571428,P
super jakoÅ›Ä‡ dobry soft minus bateria,Apple,iPhone12â€ŒPro256GB(niebieski),80,P,2.0,P
wysoka jakoÅ›Ä‡ wykonania dobre wymiary poreczne,Apple,iPhone12â€ŒPro256GB(niebieski),80,P,1.5,P
duza roznica wzgledem 11 pro,Apple,iPhone12â€ŒPro256GB(niebieski),80,P,0.0,P
brak rÃ³Å¼nicy miÄ™dzy 11 a 12 praktycznie,Apple,iPhone12â€ŒPro256GB(niebieski),80,P,-0.14285714285714285,N
telefon telefon spoko,Apple,iPhone12â€ŒPro256GB(niebieski),80,P,1.6666666666666667,P
zadowoleni jesteÅ›my,Apple,iPhone12â€ŒPro256GB(niebieski),90,P,3.5,P
niezawodny,Apple,iPhone12â€ŒPro256GB(niebieski),90,P,8.0,P
telefon sprzÄ™towo znakomicie kolor biaÅ‚y przyjemny taki offwhite a srebrna ramka Å‚apie delikatnÄ… poÅ›wiatÄ™ zÅ‚otamiedzi zÅ‚udzenie koÅ„cu iphone gabaryty ponownie pozwalajÄ…ce obÅ‚uge jednÄ… rÄ™kÄ… przesiadce wiÄ™kszego ekran potrzeba chwilÄ™ przyzwyczaiÄ‡ design wykonanie zawsze wysokim poziomie niewielki minus nieco sÅ‚abÄ… bateriÄ™,Apple,iPhone12â€ŒPro256GB(niebieski),90,P,0.05,P
wyglÄ…d wykonanie fenomenalne porÄ™czny obsÅ‚ugiwaÄ‡ jednÄ… rÄ™kÄ… jedyne czego brakuje pandemicznych czasach brak odblokowywania odcisk palca dlatego ocena 45 podejrzewam normalnych okolicznoÅ›ciach byÅ‚oby absolutnie problemem faceid dziaÅ‚a szybko szybciej odcisk palca,Apple,iPhone12â€ŒPro256GB(niebieski),90,P,0.06451612903225806,P
jestem zadowolony zakupu mam zanadrzu czego czepiaÄ‡ wyglÄ…d oceniam dobry samo system oceniam dobry uÅ¼ywam telefonu 2 miesiÄ™cy jedyny minus brak Å‚adowarki zestawie tÄ… dziwnÄ… politykÄ… naprawdÄ™ dobrze,Apple,iPhone12â€ŒPro256GB(niebieski),90,P,0.32142857142857145,P
Å›wietny telefon maÅ‚y porÄ™czny wygodny mÃ³j pierwszy iphone obawiaÅ‚am gabarytach bateria wypadnie fatalnie jestem pozytywnie zaskoczona wytrzymuje stosownie Å‚aduje szybko polecam kolor czerwony wyglÄ…da super,Apple,iPhone12â€ŒPro256GB(niebieski),90,P,0.96,P
iphone 12 pro max wielu uÅ¼ywam iphone poczÄ…wszy iphone 4 wybÃ³r mÃ³j Å›wiadomy iphone 12 pro max Å›wietne urzÄ…dzenie zawodne szybki zawodny piÄ™kny uÅ¼ywanie sama przyjemnoÅ›Ä‡ zdecydowanym gorÄ…co polecam,Apple,iPhone12â€ŒPro256GB(niebieski),90,P,0.5172413793103449,P
kolor Å›liczny kolosalna rÃ³Å¼nica miÄ™dzy dotychczas uÅ¼ywanym samsungiem a iphonem poznaÅ‚am wszystkich zalet Å›miga bÅ‚yskawica,Apple,iPhone12â€ŒPro256GB(niebieski),90,P,1.2,P
idealny Å›miga Å›wietnie Å›wietne zdjÄ™cia fajny design nawiÄ…zujÄ…cy iphone 5 rewelacyjne naprawdÄ™ jedyny minus brak kostki Å‚adowary,Apple,iPhone12â€ŒPro256GB(niebieski),90,P,2.3529411764705883,P
wykonanie funkcjonalnoÅ›Ä‡ Å‚atwoÅ›Ä‡ obsÅ‚ugi typowe applea czas pracy baterii max 15 dnia,Apple,iPhone12â€ŒPro256GB(niebieski),90,P,0.8333333333333334,P
niektÃ³re rzeczy mocno ograniczone porÃ³wnaniu androida myÅ›lÄ™ kwestia przyzwyczajenia mam nadzieje d,Apple,iPhone12â€ŒPro256GB(niebieski),90,P,0.0,P
super ceramic shield lipa lepiej wytrzymuje uderzenia zarysowania kompletnie odporny,Apple,iPhone12â€ŒPro256GB(niebieski),90,P,1.0,P
telefon super pierwsze uruchomienie aktualizacja oprogramowania poraÅ¼ka strata 3 moim przypadku,Apple,iPhone12â€ŒPro256GB(niebieski),90,P,-0.45454545454545453,N
przesiadka androida czas pokaÅ¼euÅ¼ytkuje intensywnie wiec wyjdzie narazie pasuje,Apple,iPhone12â€ŒPro256GB(niebieski),90,P,0.0,P
klasa sama siebie mogÅ‚aby jeszzce trochÄ™ dÅ‚uÅ¼ej trzymaÄ‡ bateria dlatego odejmujÄ™ pÃ³Å‚ gwiazdki,Apple,iPhone12â€ŒPro256GB(niebieski),90,P,0.46153846153846156,P
ujÄ™ciu ogÃ³lnym produkt dobry speÅ‚ni oczekiwania kaÅ¼dego potrzebuje telefonu maÅ‚ego,Apple,iPhone12â€ŒPro256GB(niebieski),90,P,0.5,P
wczesnie ocene wyglada dobrze brak usb c pewnie pojawi sie 13,Apple,iPhone12â€ŒPro256GB(niebieski),90,P,0.45454545454545453,P
genialny aparat aparaty robiÄ‡ zdjÄ™cia makro mikro jestem zachwycona,Apple,iPhone12â€ŒPro256GB(niebieski),90,P,2.2222222222222223,P
Å›wietnie wykonany super zoptymalizowany system dobrze trzymajÄ…ca bateria,Apple,iPhone12â€ŒPro256GB(niebieski),90,P,2.75,P
super telefon â˜ºï¸ rozmiaru szybko przyzwyczaiÅ‚am,Apple,iPhone12â€ŒPro256GB(niebieski),90,P,1.3333333333333333,P
dobry porÃ³wnywalny innymi modelami iphone,Apple,iPhone12â€ŒPro256GB(niebieski),90,P,1.0,P
telefon super cÃ³rka zadowolona udany zakup,Apple,iPhone12â€ŒPro256GB(niebieski),90,P,3.5,P
super telefon bateria trzyma piÄ™knie elegancki,Apple,iPhone12â€ŒPro256GB(niebieski),90,P,3.1666666666666665,P
zawsze dopracowany maxa dobry aparat,Apple,iPhone12â€ŒPro256GB(niebieski),90,P,1.0,P
najlepszy rynku niezawodnydoskonaÅ‚y pracy,Apple,iPhone12â€ŒPro256GB(niebieski),90,P,2.0,P
polecam 100 najlepszy telefon rozmiarze,Apple,iPhone12â€ŒPro256GB(niebieski),90,P,2.6,P
najwyÅ¼szym poziomie Å‚atwa obsÅ‚uga,Apple,iPhone12â€ŒPro256GB(niebieski),90,P,1.25,P
iphoneâ€¦ Å›wietna jakoÅ›Ä‡ wysokÄ… cenÄ™,Apple,iPhone12â€ŒPro256GB(niebieski),90,P,2.6,P
mÃ³j pierwszy iphone zakochaÅ‚am,Apple,iPhone12â€ŒPro256GB(niebieski),90,P,2.25,P
Å›wietny najlepszy iphone jaki posiadaÅ‚em,Apple,iPhone12â€ŒPro256GB(niebieski),90,P,3.4,P
super telefon polecam fanÃ³w apple,Apple,iPhone12â€ŒPro256GB(niebieski),90,P,2.6,P
cÃ³rka zachwycona polecam,Apple,iPhone12â€ŒPro256GB(niebieski),90,P,5.0,P
krÃ³tko posiadam oceniaÄ‡,Apple,iPhone12â€ŒPro256GB(niebieski),90,P,0.0,P
wysoka jakoÅ›Ä‡ szybkie dziaÅ‚anie,Apple,iPhone12â€ŒPro256GB(niebieski),90,P,2.25,P
zgodnie oczekiwaniamibdobrze,Apple,iPhone12â€ŒPro256GB(niebieski),90,P,2.5,P
najlepszy telefon jaki miaÅ‚em,Apple,iPhone12â€ŒPro256GB(niebieski),90,P,2.0,P
rewelacyjny produkt polecam,Apple,iPhone12â€ŒPro256GB(niebieski),90,P,5.0,P
mam Å¼adnych zastrzeÅ¼eÅ„,Apple,iPhone12â€ŒPro256GB(niebieski),90,P,-1.0,N
wykonany iphone super,Apple,iPhone12â€ŒPro256GB(niebieski),90,P,2.6666666666666665,P
szybka wysylka produkty zamÃ³wiÅ‚em godzinie 16 popoÅ‚udniu a rano miaÅ‚em telefon miejscu polecam polecam,Apple,iPhone12â€ŒPro256GB(niebieski),100,P,0.7142857142857143,P
niewielki smartfon dobrze trzymajÄ…cy rÄ™ce zajmujÄ…cy duÅ¼o miejsca kieszeni pÅ‚ynna praca Å‚atwoÅ›Ä‡ przenoszeniu danych starszej wersji iphone uprzednio posiadaÅ‚em siÃ³demkÄ™ Å‚adowanie indukcyjne takiego czegoÅ› szukaÅ‚em,Apple,iPhone12â€ŒPro256GB(niebieski),100,P,0.48,P
super kaÅ¼dym wzglÄ™dem,Apple,iPhone12â€ŒPro256GB(niebieski),100,P,2.6666666666666665,P
przeszedÅ‚em androida gÅ‚Ã³wnie wzglÄ™du rozmiar telefonu rozmiarach przypominajÄ…cych paletki ping ponga topowy wodoodporny priorytetem uÅ¼ywam niecaÅ‚ych dwÃ³ch tygodni mogÄ™ powiedzieÄ‡ zÅ‚ego sÅ‚owa braku ladowarki oczywiÅ›cie minus kupiÅ‚em dwu portowÄ… Å‚adowarkÄ™ green cella jestem mega zadowolony polecam,Apple,iPhone12â€ŒPro256GB(niebieski),100,P,0.1111111111111111,P
trochÄ™ Å¼aÅ‚ujÄ™ zakupu wielu staÅ‚y klient marki apple najbardziej zadowolony jestem funkcjonalnoÅ›ci aparatÃ³w doÅ›Ä‡ wytrzymaÅ‚ej baterii a najbardziej zaleÅ¼aÅ‚o oczywiÅ›cie rozdzielczoÅ›Ä‡ ekranu poczÄ…tku wydawaÅ‚ duÅ¼y czasie uÅ¼ytkowania sam polecam,Apple,iPhone12â€ŒPro256GB(niebieski),100,P,0.5517241379310345,P
czasÃ³w samsunga s3 zawsze miaÅ‚em andrioda zakoÅ„czyÅ‚em huwawei p30pro moja pierwsza przesiadka iphone start iphone 12 wiem spisuje porÃ³wnaniu wczeÅ›niejszymi iphonami 2 dniach stwierdzam telefon super bateria trzyma 1 peÅ‚en dzieÅ„ ciÄ…gÅ‚ej zabawy wiec samo 4600mah andriodzie podoba wyglÄ…d szybkoÅ›Ä‡ dziaÅ‚ania rewelacyjna wyÅ›wietlacz najwyÅ¼szym poziomie zdjÄ™cia robi pÅ‚atnoÅ›ci nfc face id super czasach zorro brakuje trochÄ™ odcisku palca zaczynam przyzwyczajaÄ‡ obslugi telefon Å‚atwy obsÅ‚udze wydawaÅ‚o trudniej mogÄ™ poleciÄ‡ zatwardziaÅ‚ym androidowca naleÅ¼aÅ‚em jestem zadowolony cena iphone 12 wysoka iphone 12 warty ps moja kobieta zamieniÄ‡ samsona s20 hehehe,Apple,iPhone12â€ŒPro256GB(niebieski),100,P,0.5517241379310345,P
3300 spoko telefon wspaniaÅ‚e gÅ‚oÅ›niki caÅ‚kiem porzÄ…dku tryb nocny masa fajnych funkcji androidzie,Apple,iPhone12â€ŒPro256GB(niebieski),100,P,1.8461538461538463,P
super produkt produkt jestem zachwycony maÅ‚a a cieszy p,Apple,iPhone12â€ŒPro256GB(niebieski),100,P,2.4444444444444446,P
iphone rewelacja miaÅ‚am 6s 8 plus x 11 obecnÄ… 12 pro pewnoÅ›ciÄ… zostanÄ™ dÅ‚uÅ¼ej,Apple,iPhone12â€ŒPro256GB(niebieski),100,P,1.4285714285714286,P
robi wraÅ¼enie dopracowany kaÅ¼dym calu opakowania folie zabezpieczenia wyglada perfekcyjnie telefon mistrzostwo,Apple,iPhone12â€ŒPro256GB(niebieski),100,P,1.5,P
nigdy telefonu apple zrozumie prostu najlepszy moÅ¼liwy telefon Å›wiecie pÅ‚ynne dziaÅ‚anie systemu doskonaÅ‚e zdjÄ™cia mnÃ³stwo mikro uÅ‚atwieÅ„ codziennym uÅ¼ytkowaniu rzeczy bierzesz telefon rÄ™ki a razu wÅ‚Ä…cza odblokowuje faceid logujesz banku szukania czytnika linii papilarnych zbÄ™dnej zwÅ‚oki znowu faceid dotykasz dwa razy pleckÃ³w telefonu robi zrzut ekranu wiele wiele typu smaczkÃ³w skrÃ³ty wbudowana aplikacja obrÃ³bki zdjÄ™Ä‡ prawie lightroom niesamowita niespotykana jakoÅ›Ä‡ nagraÅ„ video trybie dolby vision oglÄ…dnÄ…Å‚ tv oled lg c9 moÅ¼liwoÅ›ci telefon prostu bajka funkcja ar skaner lidar zaskoczy oglÄ…danie ludzkiego ciaÅ‚a kaÅ¼dej strony stojÄ…cego Å›rodku twojego pokoju rewelacja mierzenie dziesiÄ…tej centymetra pomocÄ… aplikacji miarka najlepszy wyÅ›wietlacz jaki wbudowano telefon poczytajcie profesjonalne recenzje prostu sprzÄ™t wart swojej ceny tyle wiecie procesor a14bionic szybszy waszych intel i7 komputerach,Apple,iPhone12â€ŒPro256GB(niebieski),100,P,0.6068376068376068,P
kupujÄ…c wiedziaÅ‚am maÅ‚y 54 ekran wyobraÅ¼aÅ‚am ciut wiÄ™kszy pierwsze wraÅ¼enie otwarciu pudeÅ‚ka eee zabawka dziecka odrazu wÄ…tpliwoÅ›Ä‡ taki pieniÄ…dz warto potem pierwsza zabawa wyszukiwanie wad pisali ekran dziaÅ‚a idealnie ktoÅ› zainteresowany czym pisze leÅ¼y pÅ‚asko dziaÅ‚a komu wÅ‚Ä…czaÄ‡ latarkÄ™ telefon leÅ¼y aktualizacja mogÄ™ swieci blat ekran jakiÅ› Å¼Ã³Å‚ty hmm inny poÅ‚oÅ¼y obok innego modelu normalnym uÅ¼ytkowaniu widaÄ‡ bateria ojej sÅ‚aba potwÃ³r mocy da niÄ… Å¼yÄ‡ chyba wiÄ™kszoÅ›Ä‡ telefonÃ³w dziaÅ‚a dÅ‚ugo ladowaniu zalety genialne zdjÄ™cia wiem chodzi tymi pikselami telefon niby 12 foty wychodzÄ… nibo lepiej telefonu konkurencji 48 pikselami wygoda uÅ¼ytkowania telefonik leÅ¼y idealnie rÄ™ku rÄ™kÄ… boli palcu odciska trzymania uczucia wyÅ›liÅºnie rÄ™ki ekran lany wyraÅºny telefon polecam raczej kobiecie wzglÄ™du rozmiar pewna dogada takim maluchem koÅ„ca jestem przekonana ktoÅ› posiada telefon ekranem wielkoÅ›ci okol 6 potrafiÅ‚ rozmawiaÄ‡ maleÅ„stwem przyzwyczajony innych norm ktoÅ› przesiada modelu 678 myÅ›lÄ™ pokocha mini ogÃ³lnym podsumowaniu jestem zachwycona myÅ›lÄ™ mÃ³j ulubiony telefon ost zachwycona byÅ‚am 4,Apple,iPhone12â€ŒPro256GB(niebieski),100,P,0.5761589403973509,P
duÅ¼o czytaÅ‚em temat modelu zdecydowaÅ‚em iphone 12 recenzji sporo przejrzaÅ‚em a opinie czytaÅ‚em da powiem wyboru jestem zadowolony system iphonie chodzi pÅ‚ynnie zdjÄ™cia osobiÅ›cie podobajÄ… tryb nocy dziaÅ‚a super nakrÄ™cenie filmu telefonem pozwala uzyskaÄ‡ dobrÄ… jakoÅ›Ä‡ moje potrzeby bateria baÅ‚em najbardziej podnoszÄ…c telefon Å‚adowarki wtorek rano 8 czwartek 2300 22 polecam wybraÅ‚em czerwony kolor podoba Å¼aÅ‚uje zakupu pewnoÅ›ciÄ… wybraÅ‚ model powtÃ³rnie,Apple,iPhone12â€ŒPro256GB(niebieski),100,P,0.7540983606557377,P
everything was fast delivery goods not damaged packed well good price and quality super ğŸ‘ğŸ»,Apple,iPhone12â€ŒPro256GB(niebieski),100,P,0.5333333333333333,P
super przesiadka iphone 8 cudo skok drugÄ… stronÄ™ planety sprwniejszy szybszy interfejs optymalne funkcje gÅ‚Ä™ia kolorÃ³w jakoÅ› odsÅ‚uchu dÅºwiÄ™ku zarÃ³wno rozmowach podczas muzyki duÅ¼o lepsza dobry wybÃ³r uwaÅ¼am kolor niestety trafiony niebieski podoba taki nijaki bede musiaÅ‚a Å¼yc kupiÅ‚am oryginalny skÃ³rzany pokrowiec razu prezentuje sie trzyma rÄ™ku wiele lepiej pokrowca obawiaÅ‚am sie wyÅ›liÅºnie rÄ…k zbije doÅ›Ä‡ cienki Å›liski uwagi zastosowane materiaÅ‚y rozwiÄ…zania,Apple,iPhone12â€ŒPro256GB(niebieski),100,P,0.6129032258064516,P
2 tygodniach uÅ¼ywania jestem zadowolona mÃ³j pierwszy iphone super jakoÅ›Ä‡ a lekki porÄ™czny aparat robi wspaniaÅ‚e zdjÄ™cia kolory Å¼ywe realistyczne dÅºwiÄ™k dobry gÅ‚oÅ›nika jakoÅ›Ä‡ super ekran mniejszy miaÅ‚am wczeÅ›niej 61 cala plus minus jedoczeÅ›nie przyzwyczaiÅ‚am niego 2 dniach a koÅ„cu wypada rÄ…k mogÄ™ pisaÄ‡ jednÄ… rÄ™ka mieÅ›ci caÅ‚y kieszeni polecam osobom maÅ‚ymi dÅ‚oÅ„mi ğŸ˜„ Å‚adnym smartfonem ğŸ˜ƒ,Apple,iPhone12â€ŒPro256GB(niebieski),100,P,1.0526315789473684,P
produkt wykonany myÅ›lÄ… wymagajÄ…cym uÅ¼ytkowniku najwiÄ™ksza zaleta wszystkim aparat wykonane zdjÄ™cia rÃ³Å¼niÄ… otaczajÄ…cej rzeczywistoÅ›ci,Apple,iPhone12â€ŒPro256GB(niebieski),100,P,0.07142857142857142,P
przeszedlem 12 pro max 6s jestem zadowolony super dziaÅ‚a mega aparat dÅ‚ugi czas baterii polecam,Apple,iPhone12â€ŒPro256GB(niebieski),100,P,1.6666666666666667,P
produkt premium dobrej jakoÅ›ci jestem zadowolony zmianie 6,Apple,iPhone12â€ŒPro256GB(niebieski),100,P,2.0,P
rewelacja nigdy zmieniÄ™ iphone inny telefon,Apple,iPhone12â€ŒPro256GB(niebieski),100,P,1.6666666666666667,P
dobra jakoÅ›Ä‡ wykonania oryginalny design,Apple,iPhone12â€ŒPro256GB(niebieski),100,P,2.8,P
3 mÃ³j iphone kaÅ¼dego jestem mega zadowolony 12 mini przesiadaÅ‚em 8 martwiÅ‚a wielkoÅ›Ä‡ ekranu bateria modelu ekranu duÅ¼y 54 cala a bateria daje radÄ™ rÃ³Å¼nych opinii kompaktowoÅ›Ä‡ modelu zachwycajÄ…ca iphone porÄ™czny szybki responsywny dotyk aparat piÄ™knego przodu jaki tylu tylnie 2 obiektywy robiÄ… robotÄ™ zdjÄ™cia kosmicznej jakoÅ›ci a tryb nocny naprawdÄ™ daje radÄ™ polecam,Apple,iPhone12â€ŒPro256GB(niebieski),100,P,0.5925925925925926,P
dobry produkt stosunkowo wysokÄ… cenÄ™,Apple,iPhone12â€ŒPro256GB(niebieski),100,P,1.0,P
rewelacyjny funkcjonalny Å‚adny kolor,Apple,iPhone12â€ŒPro256GB(niebieski),100,P,5.0,P
super,Apple,iPhone12â€ŒPro256GB(niebieski),100,P,8.0,P
produkt pierwsza klasa szybka dostawa,Apple,iPhone12â€ŒPro256GB(niebieski),100,P,1.2,P
rewelacja,Apple,iPhone12â€ŒPro256GB(niebieski),100,P,10.0,P
wykonanie dobre jakoÅ›Ä‡ materiaÅ‚Ã³w dobra genialny czas pracy baterii dawno miaÅ‚em smartfona pracujÄ…cego 2 dni zdjÄ™cia super a zwÅ‚aszcza tryb nocny genialna sprawa moÅ¼liwoÅ›ciÄ… zrobienia fotek gwiazd jasne mieÄ‡ odpowiednie miejsce obsÅ‚uga taka kaÅ¼dego iphone chociaÅ¼ jednorÄ™cznie maÅ‚o zrobi paletka pingponga tyle oglÄ…danie filmÃ³w przyjemne twarz rozpoznaje maseczce nieco zaskoczyÅ‚o,Apple,iPhone12â€ŒPro256GB(niebieski),100,P,1.04,P
super trzyma dÅ‚oni,Apple,iPhone12â€ŒPro256GB(niebieski),100,P,2.6666666666666665,P
szybko tanio polecam,Apple,iPhone12â€ŒPro256GB(niebieski),100,P,1.6666666666666667,P
okej telefon kupiÅ‚em sklepie vobis najtaniej teoretycznie zamÃ³wiÅ‚em kwotÄ™ 2982zl kwota wyjÅ›ciowa 2999zl kod newslettera 20zl 3zl przesyÅ‚ka pobraniowa a kurierze kwota 2999 mam siÅ‚y szarpaÄ‡ 17 zaznaczam taka sytuacja miaÅ‚a miejsce sam iphone dobrze zapakowany zaplombowany fabrycznie nigdy aktywowany samego telefonu dobrze wykonany szybki porÄ™czny towar wyÅ¼szej pÃ³Å‚ki ciÄ™Å¼ko szczerze narzekaÄ‡ pÅ‚acimy,Apple,iPhone12â€ŒPro256GB(niebieski),100,P,0.20754716981132076,P
poczÄ…tkowo obawiaÅ‚em ekran zbyt maÅ‚y codziennego uÅ¼ytkowania pory korzystaÅ‚em ekranÃ³w min 57 cala faktycznie pierwsze dni spÄ™dziÅ‚em adaptacji wzroku literki niektÃ³rych aplikacjach prawdÄ™ nieduÅ¼e dniach telefonu uÅ¼ywa Å›wietnie bateria trzyma dwa dni normalnym uÅ¼ytkowaniu portale spoÅ‚ecznoÅ›ciowe youtube telefon spodem zwykÅ‚y iphone 12 szybki procesor dobry aparat polecam,Apple,iPhone12â€ŒPro256GB(niebieski),100,P,0.3191489361702128,P
Ğ¾Ñ‚Ğ»Ğ¸Ñ‡Ğ½Ğ¾Ğµ ĞºĞ°Ñ‡ĞµÑÑ‚Ğ²Ğ¾,Apple,iPhone12â€ŒPro256GB(niebieski),100,P,0.0,P
every good service system,Apple,iPhone12â€ŒPro256GB(niebieski),100,P,0.0,P
polecam,Apple,iPhone12â€ŒPro256GB(niebieski),100,P,5.0,P
Å›wietny aparat piÄ™kny design dÅ‚ugo trzymajÄ…ca bateria narazie zarzutÃ³w,Apple,iPhone12â€ŒPro256GB(niebieski),100,P,1.1111111111111112,P
najlepszy iphone jaki kiedykolwiek miaÅ‚em idealny uÅ¼ytkowaniu robi bajeczne zdjÄ™cia chodzi idealnie pÅ‚ynnie ekran bajka robiÄ™ jednÄ… rÄ™kÄ… bateria trzyma mniej wiÄ™cej tyle wszystkie iphone wczeÅ›niej uÅ¼ywaÅ‚em jeden dzieÅ„ normalnego uÅ¼ytkowania bateria szaÅ‚u robi iphone przyzwyczaiÅ‚em polecam wszystkim czystym sercem mam miesiÄ…c Å¼adnej ryski ekran rysuje wytrzymaÅ‚y upadki pozdrawiam,Apple,iPhone12â€ŒPro256GB(niebieski),100,P,1.2653061224489797,P
prezent chyba najnowszy iphone kiepski jakoÅ›ciowo super system inny wcale taki intuicyjny mÃ³wiÄ… icloud niektÃ³rych bomba inwazja prywatnoÅ›Ä‡ wadÄ… zdecydowanie cena ewidentnie pÅ‚aci jabÅ‚ko napisaÅ‚ kupicie kogoÅ› staÄ‡ czemu sprÃ³bowaÄ‡ innego podejÅ›cia zawsze wrÃ³ciÄ‡ androida mam narzekam iphone zrobi rysik notatek kupiÄ™ siebie,Apple,iPhone12â€ŒPro256GB(niebieski),100,P,0.023255813953488372,P
mÃ³j pierwszy iphone wielu latach androidem Å¼aÅ‚uje jestem mega zadowolony pewnych rÃ³Å¼nic wzglÄ™dem android przyzwyczaiÄ‡ kwestia 23 dni niebawem kupuje kolejnego iphona narzeczonej iphone 12 wydajny telefon bateria spokojnie wytrzyma dzieÅ„ standard Å›wietna jakoÅ›Ä‡ zdjÄ™Ä‡ nocnych cudowne gÅ‚oÅ›niki muzyki sÅ‚ucham zdecydowanie sÅ‚uchawkach jakoÅ›Ä‡ gÅ‚oÅ›nikÃ³w super polecam sprÃ³bowaÄ‡ przejÅ›cia iphona,Apple,iPhone12â€ŒPro256GB(niebieski),100,P,0.9591836734693877,P
great product nice color and very good delivery,Apple,iPhone12â€ŒPro256GB(niebieski),100,P,0.0,P
dobry uÅ¼ywam produktÃ³w marki,Apple,iPhone12â€ŒPro256GB(niebieski),100,P,1.25,P
szybka wysyÅ‚ka polecam sklepğŸ˜,Apple,iPhone12â€ŒPro256GB(niebieski),100,P,1.25,P
osobiÅ›cie uÅ¼ywam prawdopodobnie nigdy bÄ™dÄ™ uÅ¼ywaÅ‚ Å¼adnego iphone racji duÅ¼o lepszych telefonÃ³w androidem osÃ³b zwiÄ…zanych markÄ… ceniÄ…cych prostotÄ™ klasÄ… wysokÄ… jakoÅ›Ä‡ wykonania moja Å¼ona pewnoÅ›ciÄ… telefon sprawdzi 7 dzieÅ„ uÅ¼ytkowania telefon sprawuje Å›wietnie bateria trzyma problemu caÅ‚y dzieÅ„ rozÅ‚adowujÄ…c rÃ³Å¼nym stopniu zapewne wynika sposobu uÅ¼ytkowania danym dniu mistrzowska jakoÅ›Ä‡ wykonania trochÄ™ Å¼enujÄ…cy brak Å‚adowarki 20w sÅ‚uchawek,Apple,iPhone12â€ŒPro256GB(niebieski),100,P,0.5178571428571429,P
speÅ‚nia nasze oczekiwania,Apple,iPhone12â€ŒPro256GB(niebieski),100,P,1.6666666666666667,P
perfekcyjne wykonanie,Apple,iPhone12â€ŒPro256GB(niebieski),100,P,5.0,P
super polecam,Apple,iPhone12â€ŒPro256GB(niebieski),100,P,6.5,P
zadowolony,Apple,iPhone12â€ŒPro256GB(niebieski),100,P,7.0,P
polecam,Apple,iPhone12â€ŒPro256GB(niebieski),100,P,5.0,P
polecam,Apple,iPhone12â€ŒPro256GB(niebieski),100,P,5.0,P
super,Apple,iPhone12â€ŒPro256GB(niebieski),100,P,8.0,P
extra,Apple,iPhone12â€ŒPro256GB(niebieski),100,P,8.0,P
super,Apple,iPhone12â€ŒPro256GB(niebieski),100,P,8.0,P
super,Apple,iPhone12â€ŒPro256GB(niebieski),100,P,8.0,P
,Apple,iPhone12â€ŒPro256GB(niebieski),100,P,0.0,P
maÅ‚y lekki troche dziwi brak czytnika palcÃ³w ekranem konkurencji faceid dziaÅ‚a dobrze poczÄ…tku razi gigantyczny notch gÃ³rze ekranu braku fizycznego przycisku home Å‚atwo sie przyzwyczaiÄ‡ sam telefon system operacyjny dziaÅ‚a wyÅ›mienicie klasie trudno oczekiwaÄ‡ czegoÅ› innego,Apple,iPhone12â€ŒPro256GB(niebieski),100,P,0.4722222222222222,P
jakoÅ›Ä‡ wykonania rewelacyjna rozmiar waga odpowiednie aparat robi dobre zdjÄ™cia ekran Å›wietny dopasowuje oÅ›wietlenia dobrze wpÅ‚ywa oczy zmÄ™czenie bateria Å‚adowana 24 mogÅ‚o trochÄ™ lepiej podsumowanie duÅ¼y plus,Apple,iPhone12â€ŒPro256GB(niebieski),100,P,1.4074074074074074,P
wyglÄ…da luksusowo droga biÅ¼uteria Å›wietnie dziaÅ‚a niesamowicie szybko wczeÅ›niej miaÅ‚em iphone 7 rÃ³Å¼nica kosmiczna ekran Å›wietny 60 hz piÄ™knie wypeÅ‚nia powierzchniÄ™ frontu obawiaÅ‚em zbyt wielki tygodniu niechcialbym innej opcji 1010,Apple,iPhone12â€ŒPro256GB(niebieski),100,P,1.3666666666666667,P
pierwszy iphone kupiony prezent cÃ³rki zachwycona pÃ³ki sprzÄ™t dziaÅ‚a zarzutu starannie wykonany oferuje rozwiÄ…zania pozostaÅ‚e marki dostÄ™pne rynku moim zdaniem cena mogÅ‚aby niÅ¼sza choÄ‡by wzglÄ™du fakt wytwarzany usa,Apple,iPhone12â€ŒPro256GB(niebieski),100,P,0.7857142857142857,P
cÃ³rka pierwszym iphonie chciaÅ‚a Å¼adnych innych zadowolona wielki ostatnio smartfonami 12 mini okrojonÄ… wersjÄ… 12 mniejszy taÅ„szy pÅ‚atnikowi ostatnie pasuje,Apple,iPhone12â€ŒPro256GB(niebieski),100,P,0.35,P
kwestia przyzwyczajenia masz se 11pro kupuj koniecznie chcesz sprzet fizycznego przycisku najlepszy wybÃ³r cenie wielkoÅ›ci obsÅ‚uga trochÄ™ inna starych iphoneach szczegÃ³lnie ios15 potem jakieÅ› pro super kolorowe,Apple,iPhone12â€ŒPro256GB(niebieski),100,P,0.5925925925925926,P
zaleÅ¼aÅ‚o gabarytach telefonu koÅ„cu ukazaÅ‚ obsÅ‚ugi sensu opisywaÄ‡ kaÅ¼dy iphone najwiÄ™ksza zaleta porÄ™cznoÅ›Ä‡ obawiaÅ‚em nieco baterii odniesieniu 8ki poprawa,Apple,iPhone12â€ŒPro256GB(niebieski),100,P,0.2631578947368421,P
moje pierwsze doÅ›wiadczenie zakupem fabrycznie odnowionego telefonu mogÄ™ powiedzieÄ‡ moim zdaniem warto opakowania telefonu wyglÄ…da samo nowiutkim a kosztuje 1000 taniej posiada rocznÄ… gwarancje,Apple,iPhone12â€ŒPro256GB(niebieski),100,P,0.3333333333333333,P
czym rozwodziÄ‡ cena idzie parze niezmiennie wysokÄ… jakoÅ›ciÄ… wykonania niezawodnoÅ›ciÄ… zmiana nowy model dlatego aplikacje przestaÅ‚y staraÄ‡ wsparcie szÃ³stki a dziaÅ‚aÅ‚a najnowszego zarzutu,Apple,iPhone12â€ŒPro256GB(niebieski),100,P,1.0,P
mam dopiero szeÅ›ciu dni mÃ³j pierwszy Å¼yciu iphone pÃ³ki jestem zachwycony jakoÅ›Ä‡ wykonania sprawne dziaÅ‚anie bateria pÃ³ki trzyma dÅ‚uÅ¼ej sÄ…dziÅ‚em obejrzeniu recenzji polecam,Apple,iPhone12â€ŒPro256GB(niebieski),100,P,1.2173913043478262,P
zastanawiaÅ‚eÅ› sieÄ™ warto wydaÄ‡ wiÄ™cej pieniÄ™dzy lepszy telefon podjÄ™cie decyzji wydatku rzÄ™du tysiÄ™cy szybko przestaÅ‚o uwieraÄ‡ codziennych zadaniach zaczÄ…Å‚ pomagaÄ‡ nowy apple iphone 12 pro max polecam,Apple,iPhone12â€ŒPro256GB(niebieski),100,P,0.7037037037037037,P
najwyÅ¼sza jakoÅ›Ä‡ telefon piÄ™kny zarÃ³wno mÄ™Å¼czyzny kobiety dziaÅ‚anie wymaga komentarza najwyÅ¼sza pÃ³Å‚ka czas pracy baterii 1 intensywny dzieÅ„ wytrzymuje problemu mniej intensywnie 2 dni polecam,Apple,iPhone12â€ŒPro256GB(niebieski),100,P,0.84,P
dobry jednakÅ¼e pierwszy ios latach androidzie wiele rzeczy brakuje systemie android prÄ™dkoÅ›Ä‡ dziaÅ‚ania plus bateria spoko aparacie spodziewaÅ‚em wiÄ™cej wideo lepsze zdjÄ™cia,Apple,iPhone12â€ŒPro256GB(niebieski),100,P,0.9545454545454546,P
rewelacyjny przesiadka iphone 6s pokazaÅ‚a apple zrobiÅ‚ kilka jakoÅ›Ä‡ zdjÄ™Ä‡ filmÃ³w porÃ³wnywalna niejednÄ… lustrzankÄ… a efekt rozmytego tÅ‚a Å›wietny,Apple,iPhone12â€ŒPro256GB(niebieski),100,P,1.2105263157894737,P
wyglÄ…d funkcjonalnoÅ›Ä‡ Å‚atwoÅ›Ä‡ obsÅ‚ugi ktoÅ› zna ios dobra caÅ‚kowita zmiana nawykÃ³w czas pracy baterii 4 intensywnym uÅ¼ytkowaniu 1 dzieÅ„ trudem starcza,Apple,iPhone12â€ŒPro256GB(niebieski),100,P,0.7142857142857143,P
wiem gadÅ¼et fajny ekran robi wraÅ¼enie zdjÄ™cia wiem robi apple oprogramowanie robi rÃ³Å¼nicÄ™ niby parametry opisach gorsze ostatecznie oni robiÄ…,Apple,iPhone12â€ŒPro256GB(niebieski),100,P,0.3,P
caÅ‚kiem spoko telefon przeniosÅ‚em iphone 7 plus baÅ‚em wielkoÅ›ci ekran praktycznie taki sam a telefon bardziej porÄ™czny bateria wytrzymuje jeden intensywny dzieÅ„,Apple,iPhone12â€ŒPro256GB(niebieski),100,P,1.0909090909090908,P
robi Å‚adne zdjÄ™cia ekran widoczny mocnym sÅ‚oÅ„cu bateria trzyma dwa dni normalnym uÅ¼ytkowaniu prÄ™dkoÅ›Ä‡ dziaÅ‚ania zarzutu szybko uruchamia dziaÅ‚a pÅ‚ynnie,Apple,iPhone12â€ŒPro256GB(niebieski),100,P,0.7,P
produkt godny polecenia bateria dÅ‚ugo wytrzymuje jakoÅ›Ä‡ wykonywanych zdjÄ™Ä‡ wysokim poziomie dodatku kolor wielkoÅ›Ä‡ telefonu odpowiednim etui odczuwa maÅ‚ych gabarytÃ³w,Apple,iPhone12â€ŒPro256GB(niebieski),100,P,1.45,P
mÃ³j poprzedni model iphone 6s plus jestem zachwycona nowym nabytkiem ekran taki wielki piszÄ… sam aparat Å›wietny gÅ‚oÅ›nik szczerze polecam,Apple,iPhone12â€ŒPro256GB(niebieski),100,P,1.65,P
iphone 12 pro kaÅ¼dy najnowszy model iphona dziaÅ‚a super szybko bezproblemowo dodaÄ‡ ujÄ…Ä‡ 2 lata wymieniany iphone najnowszy model zawsze jestem zadowolony,Apple,iPhone12â€ŒPro256GB(niebieski),100,P,1.2727272727272727,P
krÃ³tko komentarz 5 dni maÅ‚o jestem zadowolony przyzwyczajenie androida pierwszym dniu dawaÅ‚o trochÄ™ irytacji iphone wiem androida wrÃ³cÄ™,Apple,iPhone12â€ŒPro256GB(niebieski),100,P,0.3888888888888889,P
jakoÅ›Ä‡ godna produktÃ³w apple rozmiar zupeÅ‚noÅ›ci wystarczajÄ…cy upgrade iphone 8 bateria mogÅ‚aby nieco lepsza zupeÅ‚noÅ›ci wystarcza 1 dzieÅ„ normalnego uÅ¼ytkowania,Apple,iPhone12â€ŒPro256GB(niebieski),100,P,0.85,P
przesiadÅ‚em 12 iphone xs jestem zadowolony Å›wietne zdjÄ™cia bateria dÅ‚uÅ¼ej trzyma dobrze leÅ¼y dÅ‚oni podczas pisania sms ogÃ³lnie polecam,Apple,iPhone12â€ŒPro256GB(niebieski),100,P,1.368421052631579,P
szkoda sprzedawca poleciÅ‚ kupiÄ‡ iphone â€™ a 13 wiedziaÅ‚em kosztuje troszeczkÄ™ droÅ¼ej 12 mÃ³gÅ‚bym zapÅ‚aciÄ‡ troszeczkÄ™ wiÄ™cej miaÅ‚bym 13,Apple,iPhone12â€ŒPro256GB(niebieski),100,P,0.0,P
przesiadÅ‚em s8 pierwszego ip pierwsze dwa dni ciÄ™Å¼kie 2 tygodniach jestem zadowolony jakoÅ›Ä‡ szybkoÅ›Ä‡ Å›wietne aparaty szybkie ladowanie polecam,Apple,iPhone12â€ŒPro256GB(niebieski),100,P,1.1578947368421053,P
porÄ™czny iphone parametrami wiÄ™kszych braci stylistyka nawiÄ…zujÄ…ca mojego ulubionego se pierwszej generacji zdecydowanie lepszÄ… bateriÄ… tewelacyjnym aparatem,Apple,iPhone12â€ŒPro256GB(niebieski),100,P,1.0588235294117647,P
duÅ¼o osÃ³b sugeruje sie recenzjami bateria sÅ‚aba prawda normalnym uÅ¼ytkowaniu caÅ‚ym dniu zostaje 50 baterii zdjÄ™cia igÅ‚a ekran igÅ‚a,Apple,iPhone12â€ŒPro256GB(niebieski),100,P,-0.21052631578947367,N
przesiadkowo xs max robi wraÅ¼enie wielkoÅ›Ä‡ ktoÅ› lubi wiÄ™ksze smartfony wydajny a bateria Å‚adowana 2 dni siÄ™gnÄ™Å‚a 20 wytrzymaÅ‚a,Apple,iPhone12â€ŒPro256GB(niebieski),100,P,0.8421052631578947,P
myÅ›laÅ‚a lepszego aparatu telefonie a zawsze apple zaskakuje iphone wspaniaÅ‚y zawsze telefony niego umywajÄ…,Apple,iPhone12â€ŒPro256GB(niebieski),100,P,1.1428571428571428,P
biorÄ™ rÄ™ki kolejnego nowego iphone myÅ›le lepiej 12 pro mistrzostwo a aparat przechodzi najÅ›mielsze oczekiwania,Apple,iPhone12â€ŒPro256GB(niebieski),100,P,0.8,P
Å¼ona pracy rzadziej siÄ™ga lustrzanke robi zdjÄ™cia produktÃ³w Å›wietnym telefonem psuÅ‚ petarda materiaÅ‚y jakoÅ›Ä‡ wow,Apple,iPhone12â€ŒPro256GB(niebieski),100,P,1.6,P
jestem zadowolona zakupu telefon speÅ‚nia moje wszelkie oczekiwania zgrabny Å‚adny wydajny bateria trzyma 2 dni normalnym uÅ¼ytkowaniu,Apple,iPhone12â€ŒPro256GB(niebieski),100,P,1.588235294117647,P
dobry kontakt sklepem uprzejma pomocna obsÅ‚uga szybka wysyÅ‚ka jedyny sklep mogÅ‚am kupiÄ‡ rÄ™ki wszÄ™dzie wyprzedany telefon polecam,Apple,iPhone12â€ŒPro256GB(niebieski),100,P,0.8235294117647058,P
wykonanie zawsze premium czas pracy baterii miarÄ™ dzieÅ„ wytrzyma intensywnym uÅ¼ytkowaniu dziaÅ‚a wsztko mega sprawnie szybko problemowo,Apple,iPhone12â€ŒPro256GB(niebieski),100,P,0.23529411764705882,P
zwykle apple niezawodny telefon Å›miga spokojnie trzyma batariÄ™ caÅ‚y dzieÅ„ uÅ¼ytkowaniu non stop trochÄ™ brakowaÅ‚o guzika touch 1 dniu juz,Apple,iPhone12â€ŒPro256GB(niebieski),100,P,0.45,P
apple wykonanie dobre strony oprogramowania dobrze ios dopracowany system dziaÅ‚a pÅ‚ynnie bezproblemowo polecam,Apple,iPhone12â€ŒPro256GB(niebieski),100,P,2.1538461538461537,P
solidne wykonanie wysokiej klasy materiaÅ‚Ã³w prosty intuicyjny obsÅ‚udze dedykowany system operacyjny zapewniajÄ…cy pÅ‚ynnoÅ›Ä‡ dziaÅ‚ania dobry aparat,Apple,iPhone12â€ŒPro256GB(niebieski),100,P,1.5625,P
zwykle najwyÅ¼sza jakoÅ›Ä‡ apple szybki procesor dÅ‚ugo trzymajÄ…ca bateria wyglÄ…dem przypomina iphone 5 funkcjonalny intuicyjny obsÅ‚udze polecam,Apple,iPhone12â€ŒPro256GB(niebieski),100,P,0.8235294117647058,P
telefon super ktoÅ› fanem maÅ‚ych telefonÃ³w typu iphone 45 12mini speÅ‚ni oczekiwania wielkoÅ›ci a wnÄ™trze telefonu naszpikowane super funkcjami,Apple,iPhone12â€ŒPro256GB(niebieski),100,P,0.8421052631578947,P
dobry sprzÄ™t doÅ¼o nowych funkcji odgadniÄ™cia telefonu myÅ›le spÄ™dzÄ™ miÅ‚e chwile telefonie sÅ‚uÅ¼yÅ‚ pozdrawiamyğŸ˜‰ğŸ˜‰ğŸ˜‰,Apple,iPhone12â€ŒPro256GB(niebieski),100,P,1.0,P
polecam lantre 3ci duÅ¼y zakup sklepie imac 27 macbook pro 16 iphone 12 pro max stany magazynowe lepsze wiÄ™kszoÅ›ci konkurencji,Apple,iPhone12â€ŒPro256GB(niebieski),100,P,0.55,P
kolejny iphone posiadaniu bardziej prezent Å¼ony oddanie pasuje maÅ‚ych dÅ‚oni Å›wietna jakoÅ›Ä‡ zdjÄ™Ä‡ fenomenalny system podzespoÅ‚y,Apple,iPhone12â€ŒPro256GB(niebieski),100,P,1.3125,P
telefon intuicyjny Å‚atwy obsÅ‚udze a idzie przyjemny uÅ¼ytkowaniu jakoÅ›Ä‡ wykonania dobra czystym sumieniem polecam,Apple,iPhone12â€ŒPro256GB(niebieski),100,P,1.9285714285714286,P
nigdy miaÅ‚am wczeÅ›nej iphonea a szybko uczÄ™ waÅ¼nu dobry aparat pojemnoÅ›Ä‡ pamiÄ™ci wewnÄ™trznej dostaÅ‚am,Apple,iPhone12â€ŒPro256GB(niebieski),100,P,0.35714285714285715,P
eleganckie bateria powinna trzymaÄ‡ dÅ‚uÅ¼ej zwÅ‚aszcza wszystkie opcje energooszczÄ™dne poszÅ‚y ruch dalej krÃ³tko,Apple,iPhone12â€ŒPro256GB(niebieski),100,P,0.6923076923076923,P
telefon Å¼yleta powiem jedno kiedyÅ› myÅ›laÅ‚em samsung liczy dziÅ› wiem bÅ‚Ä…d apple jeden rynku polecam,Apple,iPhone12â€ŒPro256GB(niebieski),100,P,0.0,P
Å›wietnie wykonany niewielki rozmiar a szybki aktualizacji czas pracy Å‚adowaniu znacznie poprawiÅ‚ polecam,Apple,iPhone12â€ŒPro256GB(niebieski),100,P,0.9230769230769231,P
kolejny telefon apple cÃ³Å¼ Å›wietne urzÄ…dzenie perfekcyjne idealnie leÅ¼y dÅ‚oni obsÅ‚uga kciukiem podczas trzymania telefonu,Apple,iPhone12â€ŒPro256GB(niebieski),100,P,1.9333333333333333,P
przeskoczyÅ‚em androida ios Å¼aÅ‚uje chociaÅ¼ byÅ‚em caÅ‚y czas przeciwny wobec iphone wersji najbardziej polecam,Apple,iPhone12â€ŒPro256GB(niebieski),100,P,-0.5,N
produkt super natomiast obsÅ‚uga kierownika sklepu grunwaldzkiej gdaÅ„sku lepsza odpowiedni czÅ‚owiek miejscu polecam,Apple,iPhone12â€ŒPro256GB(niebieski),100,P,1.8461538461538463,P
poprzednim modelu wyglada lepiej zestawie brak zasilacza sluchawek,Apple,iPhone12â€ŒPro256GB(niebieski),100,P,-0.625,N
super telefon dobrze trzyma dÅ‚oni Å›wietne aparaty zawsze zawodnoÅ›Ä‡ pÅ‚ynnoÅ›ci dziaÅ‚ania przystaÅ‚o ios,Apple,iPhone12â€ŒPro256GB(niebieski),100,P,2.3846153846153846,P
mÃ³j pierwszy prywatny iphone wczeÅ›niej sÅ‚uÅ¼bowo korzystaÅ‚em iphone 8 dobry telefon pÅ‚ynnoÅ›Ä‡ dziaÅ‚ania wyglÄ…d itd polecam,Apple,iPhone12â€ŒPro256GB(niebieski),100,P,1.1875,P
genialny telefon mieÅ›ci kieszeni zajmuje maÅ‚o miejsca oczywiÅ›cie system ios czas pracy baterii mÃ³gÅ‚by dÅ‚uÅ¼szy,Apple,iPhone12â€ŒPro256GB(niebieski),100,P,0.6666666666666666,P
wielkoÅ›Ä‡ idealna plus jestem zaskoczony bateriÄ… spodziewaÅ‚em gorsza rzeczywistoÅ›ci,Apple,iPhone12â€ŒPro256GB(niebieski),100,P,1.6666666666666667,P
doskonaÅ‚y iphone wysokiej jakoÅ›ci wykonanie idealne rozmiary obsÅ‚ugi jednÄ… rÄ™kÄ… aparat fotograficzny dobry,Apple,iPhone12â€ŒPro256GB(niebieski),100,P,2.230769230769231,P
wytrzymaÅ‚a bateria prezentuje Å‚adnie smartfon prosty obsÅ‚udze oferujÄ…cy wiele fajnych opcji dobry aparat,Apple,iPhone12â€ŒPro256GB(niebieski),100,P,1.6923076923076923,P
przesiadka iphone 11 pro trudna moza pisaÄ‡ smsy jednÄ… rÄ™kÄ… a przekÄ…tnej ekranu oczywiste,Apple,iPhone12â€ŒPro256GB(niebieski),100,P,-0.42857142857142855,N
Å‚adny wyglÄ…dna zywo Å‚adniejszy zdjeciach szybkoÅ›Ä‡ dziaÅ‚ania rewelacyjne zdjecia zmiana 7 12 pro pozytywna roznica,Apple,iPhone12â€ŒPro256GB(niebieski),100,P,1.6666666666666667,P
telefon oryginalnie zapakowany oryginalnym pudeÅ‚ku numery imei zgodne sobÄ… brak Å›ladÃ³w uÅ¼ytkowania peÅ‚en legal polecam,Apple,iPhone12â€ŒPro256GB(niebieski),100,P,1.0,P
mogÄ™ napisaÄ‡ produkt wysokiej pÃ³Å‚ki krÃ³tki czas napisaÄ‡ uÅ¼ywaniu prostu Å›liczny,Apple,iPhone12â€ŒPro256GB(niebieski),100,P,0.6363636363636364,P
najlepszy telefon szybki wygodny aparat robi piÄ™kne zdjÄ™cia szybko Å‚aduje bateria mogÅ‚aby dÅ‚uÅ¼ej trzymaÄ‡,Apple,iPhone12â€ŒPro256GB(niebieski),100,P,1.0,P
smartfon zgodny oczekiwaniami model zaawansowany funkcjonalinie zbÄ™dnych dodatkÃ³w pracuje doskonale obsÅ‚uguje 5g,Apple,iPhone12â€ŒPro256GB(niebieski),100,P,2.0833333333333335,P
dobry iphonebateria dÅ‚ugo trzymaÅ›wietny ekranrobiÄ™ naprawdÄ™ Å›wietne zdjÄ™cia zwÅ‚aszcza trybie panorama,Apple,iPhone12â€ŒPro256GB(niebieski),100,P,1.2727272727272727,P
polecam telefon zamawiany poniedziaÅ‚ek poÅ‚udniu dotarÅ‚ nastÄ™pnego dnia rano dobrze zapakowany zgodny opisem,Apple,iPhone12â€ŒPro256GB(niebieski),100,P,1.1538461538461537,P
ktoÅ› przejdzie iphona zostanie zmieniaÅ‚ nowszy kaÅ¼dy macowiec,Apple,iPhone12â€ŒPro256GB(niebieski),100,P,0.0,P
telefon dobrej jakoÅ›ci â€ przesiadka â€ modelu 11 model 12 mini dobrym wyborem polecam,Apple,iPhone12â€ŒPro256GB(niebieski),100,P,1.3571428571428572,P
dawna uÅ¼ywam produktÃ³w applea uwaÅ¼am najlepsze swojej klasie zwÅ‚aszcza oprogramowanie,Apple,iPhone12â€ŒPro256GB(niebieski),100,P,1.4,P
swietny telefon rysuje sie wiesza zdiecia swietne sie spodziewalem az dobre beda,Apple,iPhone12â€ŒPro256GB(niebieski),100,P,1.9166666666666667,P
jestem peÅ‚ni zadowolona Å¼aÅ‚ujÄ™ przejÅ›cia androidu ios Å¼aÅ‚ujÄ™ zrobiÅ‚a pÃ³Åºno,Apple,iPhone12â€ŒPro256GB(niebieski),100,P,-0.7,N
moim przypadku przebiegÅ‚o sprawnie telefon kolejnego dnia polecam sprzedawcÄ™,Apple,iPhone12â€ŒPro256GB(niebieski),100,P,1.0,P
jakoÅ›Ä‡ wykonania najlepszym poziomie znakomicie leÅ¼y dÅ‚oni obsÅ‚uga jednÄ… rÄ™kÄ… trochÄ™ sÅ‚aba bateria,Apple,iPhone12â€ŒPro256GB(niebieski),100,P,1.3076923076923077,P
oczywiÅ›cie urzÄ…dzenie najwyÅ¼szej pÃ³Å‚ki szukacie telefonu lata czystym sumieniem polecam,Apple,iPhone12â€ŒPro256GB(niebieski),100,P,0.8,P
produkt wysÅ‚any dostarczony nazajutrz produkt oryginalny firmowo zapakowany jestem zadowolony,Apple,iPhone12â€ŒPro256GB(niebieski),100,P,1.2,P
pisaÄ‡ 12 przepaÅ›Ä‡ jakoÅ›ciowa wydajnoÅ›ciowa stosunku konkurencji,Apple,iPhone12â€ŒPro256GB(niebieski),100,P,0.0,P
kaÅ¼dy iphone dobrze wykonany szybki jedynÄ… wadÄ… czÅ‚owiek zawsze myÅ›li zakÅ‚adaÄ‡ etui,Apple,iPhone12â€ŒPro256GB(niebieski),100,P,0.0,P
produkt 100 opisu funkcjonalny trzymaniu rÄ™ce wielkoÅ›ciÄ… jestem mega zadowolona,Apple,iPhone12â€ŒPro256GB(niebieski),100,P,1.2,P
super telefon zreszta wszystkie id apple trochÄ™ maÅ‚y kobiety,Apple,iPhone12â€ŒPro256GB(niebieski),100,P,0.8888888888888888,P
dobry smartfon wygodny uÅ¼ytkowaniu dobry czas pracy baterii aktualizacje niewielki,Apple,iPhone12â€ŒPro256GB(niebieski),100,P,0.8,P
iphone rewelacja zdjÄ™cia przepiÄ™kne a najbardziej zaleÅ¼aÅ‚o super szybki itd,Apple,iPhone12â€ŒPro256GB(niebieski),100,P,2.6,P
jestem zadowolona zdjÄ™cia robi piÄ™kne bateria trzyma dwie doby korzystaniu non stop,Apple,iPhone12â€ŒPro256GB(niebieski),100,P,1.0833333333333333,P
super telefon czekaÅ‚em wielkoÅ›Ä‡ super ktoÅ› miejsca kieszeni ba pÃ³Å‚ tablet,Apple,iPhone12â€ŒPro256GB(niebieski),100,P,1.4545454545454546,P
robi wraÅ¼enie dziaÅ‚a pÅ‚ynnie bateria swobodnie jeden dzieÅ„ kaÅ¼dy dzisiaj smartfon polecam,Apple,iPhone12â€ŒPro256GB(niebieski),100,P,1.1666666666666667,P
towar zgodny opisem opisie produktu powinna informacjÄ™ jakiego runku pochodzi,Apple,iPhone12â€ŒPro256GB(niebieski),100,P,0.5,P
mÃ³j pierwszy iphone jestem zachwycona telefon uÅ¼ytkuje 22 dni,Apple,iPhone12â€ŒPro256GB(niebieski),100,P,1.1111111111111112,P
przesiadÅ‚em androida iphone 12 jestem mega zadowolony szybkoÅ›Ä‡ pracy telefonu powala,Apple,iPhone12â€ŒPro256GB(niebieski),100,P,1.2727272727272727,P
produkt nowy oryginalnie zapakowany zgodnie opisem kontakt sprzedajÄ…cym 5,Apple,iPhone12â€ŒPro256GB(niebieski),100,P,1.5555555555555556,P
Å›wietny produkt jakoÅ›Ä‡ wydajnoÅ›Ä‡ najwyÅ¼szy poziom najwaÅ¼niejszy kompaktowy rozmiar cegÅ‚a,Apple,iPhone12â€ŒPro256GB(niebieski),100,P,1.8,P
Å›wietny telefon duÅ¼o wiÄ™kszy wyÅ›wietlacz modelu se prawie samych gabarytach,Apple,iPhone12â€ŒPro256GB(niebieski),100,P,0.9,P
goraco polecamwszystko terminie dnia jaki byl ustalony szybka pomoc telefoniczna,Apple,iPhone12â€ŒPro256GB(niebieski),100,P,0.0,P
duÅ¼y piÄ™kny bateria pÃ³ki trzyma dwÃ³ch dni Å‚adowaniu,Apple,iPhone12â€ŒPro256GB(niebieski),100,P,0.75,P
dobry funkcjonalny iphone mieszczÄ…cy wersji mini zalety standardowej dwunastki,Apple,iPhone12â€ŒPro256GB(niebieski),100,P,1.6666666666666667,P
ktoÅ› zaczÄ…Ä‡ przygodÄ™ iphone obecnie najlepszy model start,Apple,iPhone12â€ŒPro256GB(niebieski),100,P,1.0,P
przesiadka iphona 7 iphona 12 zupeÅ‚nie doÅ›wiadczenie jakoÅ›ci apple plecam,Apple,iPhone12â€ŒPro256GB(niebieski),100,P,0.8,P
14 androidzie kolej ios oczywiÅ›cie polecam wszystkim niezdecydowanym,Apple,iPhone12â€ŒPro256GB(niebieski),100,P,0.625,P
przerzuciÅ‚em androida wiem telefon zostanie mnÄ… dÅ‚ugo,Apple,iPhone12â€ŒPro256GB(niebieski),100,P,0.0,P
porÄ™czny obsÅ‚ugiwaÄ‡ jednÄ… dÅ‚oniÄ… waÅ¼ne osÃ³b majÄ…cych maÅ‚e dÅ‚onie,Apple,iPhone12â€ŒPro256GB(niebieski),100,P,1.1111111111111112,P
oczywiÅ›cie nowsze modele iphone brakuje wart swojej ceny,Apple,iPhone12â€ŒPro256GB(niebieski),100,P,-0.625,N
tydzieÅ„ uÅ¼ytkowania pÃ³ki zarzutu Å›miga porÃ³wnaniu samsunga galaxy,Apple,iPhone12â€ŒPro256GB(niebieski),100,P,0.125,P
produkt wiadomo dobry obsÅ‚uga strony neonetu najbardziej profesjonalna,Apple,iPhone12â€ŒPro256GB(niebieski),100,P,1.125,P
jakoÅ›Ä‡ sama apple mogÅ‚o pomyÅ›leÄ‡ wiÄ™kszej pojemnoÅ›ci baterii reszta ğŸ‘Œ,Apple,iPhone12â€ŒPro256GB(niebieski),100,P,0.4,P
telefon powystawowy nowy bateria 100 Å‚adowarka sprzedawcy super,Apple,iPhone12â€ŒPro256GB(niebieski),100,P,1.5,P
najszybszy najÅ‚adniejszy telefon jaki widziaÅ‚em zdjÄ™cia robi niesamowite polecam,Apple,iPhone12â€ŒPro256GB(niebieski),100,P,1.6666666666666667,P
mÃ³j kolejny iphone wyobraÅ¼am przejÅ›cia innÄ… markÄ™,Apple,iPhone12â€ŒPro256GB(niebieski),100,P,0.0,P
iphone swÃ³j styl swojÄ… rangÄ™ dopracowane dodaÄ‡ ujÄ…Ä‡,Apple,iPhone12â€ŒPro256GB(niebieski),100,P,0.5,P
uÅ¼ytkownik zadowolony Å›liczny zgrabny telefon Å›miga prÄ™dkoÅ›ciÄ… Å›wiatÅ‚a,Apple,iPhone12â€ŒPro256GB(niebieski),100,P,3.125,P
liczÄ…c ceny baterii telefon fajny przrskoktz6s przyznam duÅ¼y wart,Apple,iPhone12â€ŒPro256GB(niebieski),100,P,0.6666666666666666,P
aparat kozak robi zdjÄ™cia appki retuszu dajÄ… rady udÅºwignÄ…Ä‡,Apple,iPhone12â€ŒPro256GB(niebieski),100,P,0.7777777777777778,P
Å›wietny kolor pasuje dzieje uÅ¼ywany 1 miesiÄ…ca,Apple,iPhone12â€ŒPro256GB(niebieski),100,P,1.2857142857142858,P
wykonanie wydajnoÅ›Ä‡ rozmiar przypominajÄ… najlepsze lata apple s jobsa,Apple,iPhone12â€ŒPro256GB(niebieski),100,P,1.4444444444444444,P
przesiadce ip7 duÅ¼a rÃ³Å¼nica aparat ekran wielkoÅ›Ä‡ jakoÅ›Ä‡ polecam,Apple,iPhone12â€ŒPro256GB(niebieski),100,P,1.0,P
kolejny udany zakup xkom najlepszym porzÄ…dku szybko pewnie,Apple,iPhone12â€ŒPro256GB(niebieski),100,P,2.75,P
iphone iphone trudno czegoÅ› przyczepiÄ‡ idealny,Apple,iPhone12â€ŒPro256GB(niebieski),100,P,0.6666666666666666,P
jakoÅ›Ä‡ zdjÄ™Ä‡ perfekcyjnadziala zarzutÃ³wnajlepszy jaki dotÄ…d mialam,Apple,iPhone12â€ŒPro256GB(niebieski),100,P,0.5714285714285714,P
imho najlepszy model sensownej cenie 13 powinna zmieniÄ‡ nazwÄ™ ğŸ™ƒ,Apple,iPhone12â€ŒPro256GB(niebieski),100,P,1.2,P
Å›wieÅ¼ynka wiem parametry wyglÄ…d zapierajÄ… dech,Apple,iPhone12â€ŒPro256GB(niebieski),100,P,0.0,P
najlepszy telefon prostota zdjÄ™ciabajka dÅºwiÄ™k eko system apple,Apple,iPhone12â€ŒPro256GB(niebieski),100,P,1.0,P
fantastyczny telefon jakoÅ›Ä‡ zdjÄ™Ä‡ bateria wyÅ›wietlacz Å›wietnie,Apple,iPhone12â€ŒPro256GB(niebieski),100,P,3.0,P
wykonanie klasa sama ergonomia pozostawia wiele Å¼yczenia,Apple,iPhone12â€ŒPro256GB(niebieski),100,P,1.4285714285714286,P
telefon mega polecam piÄ™kny kobiecy kolor wielkoÅ›Ä‡ super d kupujcie d,Apple,iPhone12â€ŒPro256GB(niebieski),100,P,1.7272727272727273,P
telefon eleganckiej formie piÄ™knym odcieniujakoÅ›Ä‡ wykonania 1010ğŸ™‚,Apple,iPhone12â€ŒPro256GB(niebieski),100,P,1.5714285714285714,P
wziÄ™Å‚am kolor granatowy cudnowy szybki bateria super trzyma d,Apple,iPhone12â€ŒPro256GB(niebieski),100,P,0.8888888888888888,P
jakoÅ›Ä‡ wykonania najwyÅ¼szym poziomie cena najwyÅ¼szym poziomie,Apple,iPhone12â€ŒPro256GB(niebieski),100,P,0.5714285714285714,P
trudno powiedzieÄ‡ krÃ³tko uÅ¼ywam tÄ… chwilÄ™,Apple,iPhone12â€ŒPro256GB(niebieski),100,P,-1.0,N
wygodny uÅ¼ytkowaniu piÄ™knymi czerniami dziÄ™ki wyÅ›wietlaczowi amoled,Apple,iPhone12â€ŒPro256GB(niebieski),100,P,0.8571428571428571,P
polecam telefon mega wygodny wychodzÄ… piÄ™kne zdjÄ™cia,Apple,iPhone12â€ŒPro256GB(niebieski),100,P,1.5714285714285714,P
6s miaÅ‚am 4lata nastÄ™pnyğŸ˜Š iphone iphoneğŸ’›,Apple,iPhone12â€ŒPro256GB(niebieski),100,P,0.0,P
telefon idealny chodzi pÅ‚ynnie zdjÄ™cia robi niesamowite prostuğŸ˜,Apple,iPhone12â€ŒPro256GB(niebieski),100,P,3.0,P
rewelacja aparat samo dziaÅ‚anie telefonu wysokim poziomie,Apple,iPhone12â€ŒPro256GB(niebieski),100,P,2.142857142857143,P
jestem zachwycona najlepszy iphone jaki pory miaÅ‚am,Apple,iPhone12â€ŒPro256GB(niebieski),100,P,2.5714285714285716,P
produkt iphone sklep zwiÄ…zane jakoÅ›ciÄ… telefonu,Apple,iPhone12â€ŒPro256GB(niebieski),100,P,0.6666666666666666,P
produktu chyba potrzeba oceniaÄ‡ marka mÃ³wi sama siebie,Apple,iPhone12â€ŒPro256GB(niebieski),100,P,0.0,P
uwag szybko oryginalne opakowanie nowy produkt,Apple,iPhone12â€ŒPro256GB(niebieski),100,P,1.5,P
Å¼ona zadowolona prezentu otrzymaÅ‚a niedawno uczy obsÅ‚ugi,Apple,iPhone12â€ŒPro256GB(niebieski),100,P,1.0,P
telefon rewelacja Å‚adny szybki iphone polecam niezdecydowanym,Apple,iPhone12â€ŒPro256GB(niebieski),100,P,2.857142857142857,P
dobry produkt szybki ledwoÅ›ciÄ… siedzi rÄ™ce,Apple,iPhone12â€ŒPro256GB(niebieski),100,P,0.8333333333333334,P
maÅ‚e gabarytystosunkowo duÅ¼y wyÅ›wietlacztego szukaÅ‚emjest,Apple,iPhone12â€ŒPro256GB(niebieski),100,P,0.0,P
wykonanie szybkoÅ›Ä‡ design system aparat funkcje perfekcja,Apple,iPhone12â€ŒPro256GB(niebieski),100,P,1.4285714285714286,P
przyzwoity telefon dobrej cenie gorÄ…co polecam zakup,Apple,iPhone12â€ŒPro256GB(niebieski),100,P,2.0,P
jakoÅ›Ä‡ apple jakoÅ› bÄ™dzieâ˜º towar zgodny opisem,Apple,iPhone12â€ŒPro256GB(niebieski),100,P,1.2857142857142858,P
reklamowaÄ‡ taki chciaÅ‚am wiem kupujÄ™,Apple,iPhone12â€ŒPro256GB(niebieski),100,P,0.0,P
iphone kolejny zakup flagowego modelu apple pewno ostatni,Apple,iPhone12â€ŒPro256GB(niebieski),100,P,0.625,P
super telefon dobrze pracuje dopomogaje pracy podroÅ¼ach,Apple,iPhone12â€ŒPro256GB(niebieski),100,P,1.8571428571428572,P
urzÄ…dzenie a gÅ‚oÅ›niki super caÅ‚kiem przyzwoita bateria ğŸ‘,Apple,iPhone12â€ŒPro256GB(niebieski),100,P,1.5,P
dobry telefon fajnym aparatem dobrÄ… bateriÄ…,Apple,iPhone12â€ŒPro256GB(niebieski),100,P,2.6666666666666665,P
duÅ¼o fajnych przydatnych funkcji lekki wygodny trzymaniu,Apple,iPhone12â€ŒPro256GB(niebieski),100,P,1.4285714285714286,P
polecam super sklep towar zgodny opisem przesyÅ‚ka ekspresowa,Apple,iPhone12â€ŒPro256GB(niebieski),100,P,2.25,P
gwiazdy daje wyglÄ…d telefonu niestety uÅ¼ytkujÄ™,Apple,iPhone12â€ŒPro256GB(niebieski),100,P,-0.5,N
nowy fabrycznie zapakowany telefon polecam ğŸ‘,Apple,iPhone12â€ŒPro256GB(niebieski),100,P,1.5,P
iphone iphone 10 uÅ¼ywam nigdy zawiodÅ‚am,Apple,iPhone12â€ŒPro256GB(niebieski),100,P,0.0,P
przesiadajÄ…c androida przyzwyczaiÄ‡,Apple,iPhone12â€ŒPro256GB(niebieski),100,P,0.0,P
fajny telefon cena nowy iphone akceptowalna,Apple,iPhone12â€ŒPro256GB(niebieski),100,P,1.6666666666666667,P
powinno Å¼adna chiÅ„szczyzna polecam,Apple,iPhone12â€ŒPro256GB(niebieski),100,P,1.25,P
mam produkt drugi polecam kaÅ¼demu 100 zadowolenia,Apple,iPhone12â€ŒPro256GB(niebieski),100,P,1.7142857142857142,P
produkt fart wifi dziaÅ‚a razu serwis,Apple,iPhone12â€ŒPro256GB(niebieski),100,P,0.8333333333333334,P
super jakoÅ›Ä‡ Å‚atwa migracja danych maÅ‚y wariat,Apple,iPhone12â€ŒPro256GB(niebieski),100,P,2.4285714285714284,P
pisaÄ‡ iphone iphone szybki niezawodny fajny,Apple,iPhone12â€ŒPro256GB(niebieski),100,P,2.3333333333333335,P
jakoÅ›Ä‡ produktÃ³w iphone niezmiennie wysokim poziomie,Apple,iPhone12â€ŒPro256GB(niebieski),100,P,0.6666666666666666,P
dobry telefon wystarczajÄ…cy codziennego uÅ¼ytku,Apple,iPhone12â€ŒPro256GB(niebieski),100,P,1.4,P
majac 11pro roznica znikoma a bateria trzyma krocej,Apple,iPhone12â€ŒPro256GB(niebieski),100,P,0.0,P
iphone najlepszych sprzetem jaki dotychczas uzywalam,Apple,iPhone12â€ŒPro256GB(niebieski),100,P,1.3333333333333333,P
pytam skÄ…d opinie telefon sprzedaÅ¼y ceneo jaja jakieÅ› robicie,Apple,iPhone12â€ŒPro256GB(niebieski),100,P,0.0,P
polecam dobrze leÅ¼y rÄ™ce Å¼ona woli 12 pro max,Apple,iPhone12â€ŒPro256GB(niebieski),100,P,1.1111111111111112,P
najlepszy telefon sÅ‚oÅ„cem upgrade iphona 8 mega,Apple,iPhone12â€ŒPro256GB(niebieski),100,P,1.1428571428571428,P
produkt zgodny moimi oczekiwaniami opisem polecam,Apple,iPhone12â€ŒPro256GB(niebieski),100,P,1.6666666666666667,P
super telefon malutki funkcjonalny robi piÄ™kne zdjÄ™cia,Apple,iPhone12â€ŒPro256GB(niebieski),100,P,2.7142857142857144,P
Å‚adny funkcjonalny jestem niego zadowolona,Apple,iPhone12â€ŒPro256GB(niebieski),100,P,3.4,P
dodaÄ‡ ujÄ…Ä‡ czuje Å¼adnego przeskoku xsa,Apple,iPhone12â€ŒPro256GB(niebieski),100,P,0.6666666666666666,P
telefon uÅ¼ytkowany 2 dni poki plus,Apple,iPhone12â€ŒPro256GB(niebieski),100,P,0.8333333333333334,P
mam 1 dnia super,Apple,iPhone12â€ŒPro256GB(niebieski),100,P,2.0,P
telefon znakomity bateria dÅ‚ugo trzyma zdjÄ™cia piÄ™kne,Apple,iPhone12â€ŒPro256GB(niebieski),100,P,2.142857142857143,P
cudeÅ„ko najlepszy iphonÃ³w pory miaÅ‚am,Apple,iPhone12â€ŒPro256GB(niebieski),100,P,3.0,P
best job apple did with the phones so far recommended,Apple,iPhone12â€ŒPro256GB(niebieski),100,P,0.0,P
wiem dostaÅ‚am mam nadziejÄ™ 5,Apple,iPhone12â€ŒPro256GB(niebieski),100,P,0.8,P
super zdjecia wiele innych zalet porzadny telefon,Apple,iPhone12â€ŒPro256GB(niebieski),100,P,1.8571428571428572,P
porÄ™czny Å›wietne aparaty biaÅ‚y Å‚adny,Apple,iPhone12â€ŒPro256GB(niebieski),100,P,3.6,P
produkt dobry wad super polecam,Apple,iPhone12â€ŒPro256GB(niebieski),100,P,2.6,P
znakomita jakoÅ›Ä‡ wykonania niezawodnoÅ›Ä‡ produktu,Apple,iPhone12â€ŒPro256GB(niebieski),100,P,4.2,P
Å›wietny telefon oryginalnie zapakowany,Apple,iPhone12â€ŒPro256GB(niebieski),100,P,3.5,P
super jakoÅ›Ä‡ bateria spokojnie wytrzymuje caÅ‚y dzieÅ„,Apple,iPhone12â€ŒPro256GB(niebieski),100,P,2.5714285714285716,P
telefon zarzutÃ³w Å›wietne aparaty piÄ™kny kolor,Apple,iPhone12â€ŒPro256GB(niebieski),100,P,1.6666666666666667,P
Å›wietny telefon najlepszy jaki kiedykolwiek miaÅ‚am,Apple,iPhone12â€ŒPro256GB(niebieski),100,P,2.8333333333333335,P
niczego przyczepiÄ‡,Apple,iPhone12â€ŒPro256GB(niebieski),100,P,0.0,P
bardo Å‚adny funkcjonalny telefon idealny kolor,Apple,iPhone12â€ŒPro256GB(niebieski),100,P,3.3333333333333335,P
byÅ‚em produktu przekonany dlatego wybraÅ‚em,Apple,iPhone12â€ŒPro256GB(niebieski),100,P,0.0,P
kaÅ¼dym wzglÄ™dem lepszy poprzedniego iphone 6,Apple,iPhone12â€ŒPro256GB(niebieski),100,P,1.0,P
dodawaÄ‡ pÅ‚acisz wiesz,Apple,iPhone12â€ŒPro256GB(niebieski),100,P,0.0,P
produkt speÅ‚niÅ‚ 100 procentach moje oczekiwania,Apple,iPhone12â€ŒPro256GB(niebieski),100,P,0.0,P
cenie lepszego kompaktowego telefonu,Apple,iPhone12â€ŒPro256GB(niebieski),100,P,1.5,P
fantastyczny telefon szybka sprawna obsÅ‚uga,Apple,iPhone12â€ŒPro256GB(niebieski),100,P,2.4,P
zgrabny telefon sam kobiecej rÄ™ki,Apple,iPhone12â€ŒPro256GB(niebieski),100,P,1.0,P
super produkt troche drogi mysle warty ceny,Apple,iPhone12â€ŒPro256GB(niebieski),100,P,1.1428571428571428,P
super cena moÅ¼liwoÅ›ci szybkoÅ›ci dziaÅ‚ania,Apple,iPhone12â€ŒPro256GB(niebieski),100,P,2.6,P
iphone iphone ğŸ˜‰ lepszej marki rynku,Apple,iPhone12â€ŒPro256GB(niebieski),100,P,1.0,P
iphone is always a 5 star value for iphone lovers,Apple,iPhone12â€ŒPro256GB(niebieski),100,P,0.0,P
super telefon szybki troszkÄ™ drogi norma,Apple,iPhone12â€ŒPro256GB(niebieski),100,P,1.3333333333333333,P
Å›wietny oryginalny produkt rewelacyjnej cenie,Apple,iPhone12â€ŒPro256GB(niebieski),100,P,4.8,P
kolejny mÃ³j iphone zawsze rewelacyjny,Apple,iPhone12â€ŒPro256GB(niebieski),100,P,2.0,P
dobry polecam cena mogÅ‚aby niÅ¼sza,Apple,iPhone12â€ŒPro256GB(niebieski),100,P,2.0,P
kaÅ¼dym wzglÄ™dem dobry telefon,Apple,iPhone12â€ŒPro256GB(niebieski),100,P,1.25,P
bdb telefon skÅ‚adany chinach usa,Apple,iPhone12â€ŒPro256GB(niebieski),100,P,1.2,P
dokÅ‚adny opis produkt zgodny szybka wysyÅ‚ka,Apple,iPhone12â€ŒPro256GB(niebieski),100,P,1.6666666666666667,P
piÄ™kny wyglÄ…d wspaniaÅ‚e zdjÄ™cia super sprzÄ™t,Apple,iPhone12â€ŒPro256GB(niebieski),100,P,4.0,P
Å‚adnie wykonany prosta obsÅ‚uga funkcjonalny,Apple,iPhone12â€ŒPro256GB(niebieski),100,P,2.0,P
trochÄ™ czasami Å‚apie bocznych przyciskÃ³w,Apple,iPhone12â€ŒPro256GB(niebieski),100,P,0.0,P
oceniaÄ‡ jakoÅ›Ä‡ sama,Apple,iPhone12â€ŒPro256GB(niebieski),100,P,1.3333333333333333,P
wspaniaÅ‚y produkt speÅ‚niÅ‚ moje oczekiwania,Apple,iPhone12â€ŒPro256GB(niebieski),100,P,2.0,P
tele kosmos wielki minus brak Å‚adowarki,Apple,iPhone12â€ŒPro256GB(niebieski),100,P,-0.3333333333333333,N
iphone jedni kochajÄ… inni bÅ‚Ä™dzie ğŸ˜€,Apple,iPhone12â€ŒPro256GB(niebieski),100,P,0.5,P
dobry produkt troche drogi mysle warto,Apple,iPhone12â€ŒPro256GB(niebieski),100,P,0.8333333333333334,P
idealny mÅ‚odej damy cÃ³rka szczÄ™Å›liwa,Apple,iPhone12â€ŒPro256GB(niebieski),100,P,3.4,P
piÄ™kny telefon klimacie pierwszych iphone,Apple,iPhone12â€ŒPro256GB(niebieski),100,P,1.2,P
super sprzÄ™t szybka realizacja zamÃ³wienia,Apple,iPhone12â€ŒPro256GB(niebieski),100,P,1.6,P
pierwszy iphone ostatni rewelacja,Apple,iPhone12â€ŒPro256GB(niebieski),100,P,2.5,P
wyglÄ…d funkcjonalnoÅ›Ä‡ resztÄ™ zobaczymy,Apple,iPhone12â€ŒPro256GB(niebieski),100,P,1.25,P
rewelacyjna jakoÅ›Ä‡ apple przystaÅ‚o,Apple,iPhone12â€ŒPro256GB(niebieski),100,P,3.5,P
posiada czego oczekiwaÅ‚am,Apple,iPhone12â€ŒPro256GB(niebieski),100,P,0.0,P
najlepszy telefon jaki pory miaÅ‚am,Apple,iPhone12â€ŒPro256GB(niebieski),100,P,1.6,P
jakoÅ›Ä‡ wykonania super system super aparat,Apple,iPhone12â€ŒPro256GB(niebieski),100,P,3.3333333333333335,P
zawsze wybieram iphoney Å›wietne telefony,Apple,iPhone12â€ŒPro256GB(niebieski),100,P,1.8,P
telefon wciÄ…Å¼ gdzieÅ› mojej wishliÅ›cie,Apple,iPhone12â€ŒPro256GB(niebieski),100,P,0.0,P
super telefon dlaczego taki drogi,Apple,iPhone12â€ŒPro256GB(niebieski),100,P,1.6,P
wyglÄ…d jakoÅ› zawsze iphonach super,Apple,iPhone12â€ŒPro256GB(niebieski),100,P,1.6,P
lekki porÄ™czny soft dziaÅ‚a zarzutu,Apple,iPhone12â€ŒPro256GB(niebieski),100,P,0.8,P
zmieniÅ‚am x rÃ³Å¼nica kolosalna ğŸ‘,Apple,iPhone12â€ŒPro256GB(niebieski),100,P,0.0,P
powinien mieÄ‡ telefon super,Apple,iPhone12â€ŒPro256GB(niebieski),100,P,2.0,P
Å›wietny telefon cÃ³rka zadowolona,Apple,iPhone12â€ŒPro256GB(niebieski),100,P,4.0,P
dopiero poczÄ…tek uzytkowania,Apple,iPhone12â€ŒPro256GB(niebieski),100,P,0.0,P
bateria dalej sÅ‚aba duÅ¼o lepiej,Apple,iPhone12â€ŒPro256GB(niebieski),100,P,-0.8,N
super sprzÄ™t maÅ‚y porÄ™czny wydajny,Apple,iPhone12â€ŒPro256GB(niebieski),100,P,3.4,P
telefon cudo zdjÄ™cia robi przepiÄ™kne,Apple,iPhone12â€ŒPro256GB(niebieski),100,P,3.0,P
wzorowe wykonanie idealnie leÅ¼y dÅ‚oni,Apple,iPhone12â€ŒPro256GB(niebieski),100,P,3.4,P
produkt peÅ‚ni speÅ‚nia moje oczekiwania,Apple,iPhone12â€ŒPro256GB(niebieski),100,P,1.0,P
piÄ™kny wizualnie godny swojej ceny,Apple,iPhone12â€ŒPro256GB(niebieski),100,P,2.2,P
Å›wietny telefon cena nieco zawyÅ¼ona,Apple,iPhone12â€ŒPro256GB(niebieski),100,P,1.8,P
tutaj pisaÄ‡ pierwsza liga prostu,Apple,iPhone12â€ŒPro256GB(niebieski),100,P,0.0,P
daje radÄ™ kilka,Apple,iPhone12â€ŒPro256GB(niebieski),100,P,0.0,P
polecam Å›wietne zdjÄ™cia trybie nocnym,Apple,iPhone12â€ŒPro256GB(niebieski),100,P,2.8,P
super telefon ostrzegam ciÄ™Å¼ki ğŸ˜œ,Apple,iPhone12â€ŒPro256GB(niebieski),100,P,1.0,P
idealny nastÄ™pca 5 se chodzi wymiary,Apple,iPhone12â€ŒPro256GB(niebieski),100,P,1.6666666666666667,P
fajny szybki malutki smartfon,Apple,iPhone12â€ŒPro256GB(niebieski),100,P,1.5,P
mÃ³j pierwszy iphone peÅ‚ne zadowolenie,Apple,iPhone12â€ŒPro256GB(niebieski),100,P,1.4,P
pierwszy taki telefon zadowolony 100,Apple,iPhone12â€ŒPro256GB(niebieski),100,P,1.4,P
jakoÅ›Ä‡ wykonania 5 design 5 aparat 5,Apple,iPhone12â€ŒPro256GB(niebieski),100,P,0.5714285714285714,P
telefon speÅ‚niÅ‚ oczekiwania mojej cÃ³rki,Apple,iPhone12â€ŒPro256GB(niebieski),100,P,0.0,P
najwyÅ¼szy poziom wykonania materiaÅ‚Ã³w,Apple,iPhone12â€ŒPro256GB(niebieski),100,P,0.0,P
najlepszy telefon jaki dotychczas miaÅ‚em,Apple,iPhone12â€ŒPro256GB(niebieski),100,P,1.6,P
wÅ‚aÅ›ciwa wielkoÅ›Ä‡ trochÄ™ sÅ‚aba bateria,Apple,iPhone12â€ŒPro256GB(niebieski),100,P,0.2,P
telefon sam lubiÄ™ maÅ‚e telefony,Apple,iPhone12â€ŒPro256GB(niebieski),100,P,1.0,P
wydajny telefon dobrÄ… cenÄ™ polecam,Apple,iPhone12â€ŒPro256GB(niebieski),100,P,3.0,P
doskonaÅ‚y telefon mniejszych dÅ‚oni,Apple,iPhone12â€ŒPro256GB(niebieski),100,P,2.5,P
produkt speÅ‚nia moje oczekiwania 100,Apple,iPhone12â€ŒPro256GB(niebieski),100,P,1.0,P
genialnu produkt fantastycznej cenie,Apple,iPhone12â€ŒPro256GB(niebieski),100,P,2.0,P
mam dopiero 1 dzieÅ„ Å›wietny,Apple,iPhone12â€ŒPro256GB(niebieski),100,P,1.8,P
prostu piÄ™kny najlepszy,Apple,iPhone12â€ŒPro256GB(niebieski),100,P,4.666666666666667,P
jeden lepszych telefonÃ³w jaki miaÅ‚em,Apple,iPhone12â€ŒPro256GB(niebieski),100,P,1.2,P
solidny brak adaptera Å‚adowania,Apple,iPhone12â€ŒPro256GB(niebieski),100,P,0.0,P
dziÄ™ki jestem szczÄ™Å›liwy zadowolony,Apple,iPhone12â€ŒPro256GB(niebieski),100,P,3.5,P
telefon super jestem zadowolona,Apple,iPhone12â€ŒPro256GB(niebieski),100,P,3.75,P
zgrabny Å›liczny intuicyjna obsÅ‚uga,Apple,iPhone12â€ŒPro256GB(niebieski),100,P,3.0,P
telefonu jubilatka zadowolona,Apple,iPhone12â€ŒPro256GB(niebieski),100,P,2.3333333333333335,P
super idealne polecam,Apple,iPhone12â€ŒPro256GB(niebieski),100,P,7.666666666666667,P
jestem zadowolona telefonu polecam,Apple,iPhone12â€ŒPro256GB(niebieski),100,P,3.0,P
najlepszy telefon jaki miaÅ‚em polecam,Apple,iPhone12â€ŒPro256GB(niebieski),100,P,2.6,P
super sprzÄ™t cÃ³rka szaleje radoÅ›ci,Apple,iPhone12â€ŒPro256GB(niebieski),100,P,2.6,P
super telefon zawsze apple,Apple,iPhone12â€ŒPro256GB(niebieski),100,P,2.0,P
produkt najwyÅ¼szej dostepnej klasie,Apple,iPhone12â€ŒPro256GB(niebieski),100,P,1.5,P
funkcjonalny zgrabny smartfon,Apple,iPhone12â€ŒPro256GB(niebieski),100,P,3.3333333333333335,P
super szybka dostawa polecam,Apple,iPhone12â€ŒPro256GB(niebieski),100,P,3.25,P
lekki porÃ³wnaniu innymi modelami,Apple,iPhone12â€ŒPro256GB(niebieski),100,P,0.0,P
produkt najlepszy swojej kategorii,Apple,iPhone12â€ŒPro256GB(niebieski),100,P,2.0,P
najÅ‚adniejszy najlepszy iphone ever,Apple,iPhone12â€ŒPro256GB(niebieski),100,P,2.0,P
telefon speÅ‚niÅ‚ oczekiwania polecam,Apple,iPhone12â€ŒPro256GB(niebieski),100,P,1.25,P
fantastyczny Å‚atwy obsÅ‚udze,Apple,iPhone12â€ŒPro256GB(niebieski),100,P,4.333333333333333,P
najlepszy jaki miaÅ‚am uwielbiam gooo,Apple,iPhone12â€ŒPro256GB(niebieski),100,P,3.2,P
wyglÄ…d funkcjonalnoÅ›c dobra,Apple,iPhone12â€ŒPro256GB(niebieski),100,P,3.3333333333333335,P
Å›wietny telefon takÄ… cenÄ™ polecam,Apple,iPhone12â€ŒPro256GB(niebieski),100,P,2.8,P
zgrabny elegancki super wykonanie,Apple,iPhone12â€ŒPro256GB(niebieski),100,P,4.5,P
telefon super przesyÅ‚ka zarzutu,Apple,iPhone12â€ŒPro256GB(niebieski),100,P,0.75,P
czytelny wydajna bateria,Apple,iPhone12â€ŒPro256GB(niebieski),100,P,2.6666666666666665,P
jestem zadowolony telefonu,Apple,iPhone12â€ŒPro256GB(niebieski),100,P,2.3333333333333335,P
duÅ¼o pisaÄ‡ klasa sama,Apple,iPhone12â€ŒPro256GB(niebieski),100,P,1.5,P
przepiÄ™knyprawdziwie kobiecy,Apple,iPhone12â€ŒPro256GB(niebieski),100,P,0.0,P
zarzutu zna iphona,Apple,iPhone12â€ŒPro256GB(niebieski),100,P,-1.6666666666666667,N
jeden najbardziej udanych modeli,Apple,iPhone12â€ŒPro256GB(niebieski),100,P,1.5,P
super smartfon serdecznie polecam,Apple,iPhone12â€ŒPro256GB(niebieski),100,P,4.75,P
najlepszym porzÄ…dku,Apple,iPhone12â€ŒPro256GB(niebieski),100,P,5.5,P
najlepszy stosunek ceny jakoÅ›ci,Apple,iPhone12â€ŒPro256GB(niebieski),100,P,3.0,P
powinno zarzutÃ³w,Apple,iPhone12â€ŒPro256GB(niebieski),100,P,-2.5,N
dodaÄ‡ ujÄ…Ä‡ majstersztyk,Apple,iPhone12â€ŒPro256GB(niebieski),100,P,1.3333333333333333,P
iphone zawsze numerem jeden,Apple,iPhone12â€ŒPro256GB(niebieski),100,P,0.0,P
fajny porÄ™czny telefon,Apple,iPhone12â€ŒPro256GB(niebieski),100,P,3.3333333333333335,P
robi najlepsze zdjÄ™cia Å›wiecie,Apple,iPhone12â€ŒPro256GB(niebieski),100,P,2.0,P
polecam produkt zgodny opisem,Apple,iPhone12â€ŒPro256GB(niebieski),100,P,2.5,P
brak Å‚adowarki powinien karany,Apple,iPhone12â€ŒPro256GB(niebieski),100,P,-1.25,N
mam zÅ‚oty biaÅ‚y czarny cudo,Apple,iPhone12â€ŒPro256GB(niebieski),100,P,1.4,P
speÅ‚nia moje wszystkie oczekiwania,Apple,iPhone12â€ŒPro256GB(niebieski),100,P,1.25,P
polecam kaÅ¼demu miÅ‚oÅ›nikowi iphone,Apple,iPhone12â€ŒPro256GB(niebieski),100,P,3.25,P
robi czego zostaÅ‚ stworzony,Apple,iPhone12â€ŒPro256GB(niebieski),100,P,0.0,P
produkt speÅ‚niÅ‚ moje oczekiwania,Apple,iPhone12â€ŒPro256GB(niebieski),100,P,0.0,P
rewelacja przesiadka 7 12 ğŸ‘,Apple,iPhone12â€ŒPro256GB(niebieski),100,P,2.0,P
super telefon polecam wszystkim,Apple,iPhone12â€ŒPro256GB(niebieski),100,P,3.25,P
iphone wiÄ™cej mÃ³wiÄ‡,Apple,iPhone12â€ŒPro256GB(niebieski),100,P,0.0,P
najlepsza forma super wydajnoÅ›Ä‡,Apple,iPhone12â€ŒPro256GB(niebieski),100,P,5.25,P
super telefon znakomity aparat,Apple,iPhone12â€ŒPro256GB(niebieski),100,P,4.25,P
wiem prezent,Apple,iPhone12â€ŒPro256GB(niebieski),100,P,0.0,P
dobry elegancki telefon,Apple,iPhone12â€ŒPro256GB(niebieski),100,P,3.3333333333333335,P
vaillant mag mini 1141 10022615,Apple,iPhone12â€ŒPro256GB(niebieski),100,P,0.0,P
kaÅ¼dy iphone znakomity,Apple,iPhone12â€ŒPro256GB(niebieski),100,P,3.0,P
telefon super cÃ³rka zachwycona,Apple,iPhone12â€ŒPro256GB(niebieski),100,P,4.5,P
mega zadowolona jestem zakupu,Apple,iPhone12â€ŒPro256GB(niebieski),100,P,1.75,P
jakoÅ›ci wykonania dobra,Apple,iPhone12â€ŒPro256GB(niebieski),100,P,3.0,P
super sprawnie szybko,Apple,iPhone12â€ŒPro256GB(niebieski),100,P,4.0,P
zgodnie oczekiwaniami,Apple,iPhone12â€ŒPro256GB(niebieski),100,P,2.5,P
dobry speÅ‚nia oczekiwania,Apple,iPhone12â€ŒPro256GB(niebieski),100,P,3.3333333333333335,P
super bateria mogÅ‚a trzymaÄ‡ trochÄ™ dÅ‚uÅ¼ej,Apple,iPhone12â€ŒPro256GB(niebieski),100,P,1.3333333333333333,P
produkt zgodny specyfikacjÄ…,Apple,iPhone12â€ŒPro256GB(niebieski),100,P,1.6666666666666667,P
zgodnie zamÃ³wieniem polecam,Apple,iPhone12â€ŒPro256GB(niebieski),100,P,3.3333333333333335,P
iphone zÅ‚e,Apple,iPhone12â€ŒPro256GB(niebieski),100,P,-2.5,N
dokÅ‚adnie czego oczekiwaÅ‚am,Apple,iPhone12â€ŒPro256GB(niebieski),100,P,1.6666666666666667,P
speÅ‚niÅ‚ wszystkie oczekiwania,Apple,iPhone12â€ŒPro256GB(niebieski),100,P,0.0,P
zgodny opisem oczekiwaniami,Apple,iPhone12â€ŒPro256GB(niebieski),100,P,1.6666666666666667,P
narazie telefon super,Apple,iPhone12â€ŒPro256GB(niebieski),100,P,2.6666666666666665,P
super cÃ³rka zadowolona,Apple,iPhone12â€ŒPro256GB(niebieski),100,P,5.0,P
zgodne oczekiwaniami,Apple,iPhone12â€ŒPro256GB(niebieski),100,P,2.5,P
Å›wietny wyglÄ…d funkcje aparat,Apple,iPhone12â€ŒPro256GB(niebieski),100,P,2.25,P
zakochaÅ‚am sie telefonie,Apple,iPhone12â€ŒPro256GB(niebieski),100,P,3.0,P
maÅ‚y intuicyjny nowoczesny,Apple,iPhone12â€ŒPro256GB(niebieski),100,P,2.0,P
fajny telefon polecam,Apple,iPhone12â€ŒPro256GB(niebieski),100,P,3.6666666666666665,P
speÅ‚nia wszystkie oczekiwania,Apple,iPhone12â€ŒPro256GB(niebieski),100,P,1.6666666666666667,P
dziaÅ‚a zarzutÃ³w,Apple,iPhone12â€ŒPro256GB(niebieski),100,P,0.0,P
idealny zamiennik iphone 6s,Apple,iPhone12â€ŒPro256GB(niebieski),100,P,2.5,P
super idealnie pasuje rÄ™ki,Apple,iPhone12â€ŒPro256GB(niebieski),100,P,4.5,P
Å‚adny dobry telefon,Apple,iPhone12â€ŒPro256GB(niebieski),100,P,3.3333333333333335,P
super oprÃ³cz ceny,Apple,iPhone12â€ŒPro256GB(niebieski),100,P,2.6666666666666665,P
odpukac sprawuje bdobrze,Apple,iPhone12â€ŒPro256GB(niebieski),100,P,0.0,P
jestem zadowolony produktu,Apple,iPhone12â€ŒPro256GB(niebieski),100,P,2.3333333333333335,P
dobrze sprawuje polecam,Apple,iPhone12â€ŒPro256GB(niebieski),100,P,3.3333333333333335,P
dobrej jakoÅ›ci telefon,Apple,iPhone12â€ŒPro256GB(niebieski),100,P,3.0,P
smartfon super zakup udany,Apple,iPhone12â€ŒPro256GB(niebieski),100,P,3.5,P
transakcja przebiegÅ‚a wzorowo,Apple,iPhone12â€ŒPro256GB(niebieski),100,P,2.3333333333333335,P
rewelacja najlepszy rynku,Apple,iPhone12â€ŒPro256GB(niebieski),100,P,6.0,P
lepszego iphona miaÅ‚em ğŸ™‚,Apple,iPhone12â€ŒPro256GB(niebieski),100,P,1.5,P
duÅ¼y speÅ‚nia oczekiwania ğŸ˜œ,Apple,iPhone12â€ŒPro256GB(niebieski),100,P,1.25,P
produkt zgodny opisem,Apple,iPhone12â€ŒPro256GB(niebieski),100,P,1.6666666666666667,P
produkt najwyÅ¼szej jakoÅ›ci,Apple,iPhone12â€ŒPro256GB(niebieski),100,P,1.3333333333333333,P
sprawnie szybko,Apple,iPhone12â€ŒPro256GB(niebieski),100,P,2.0,P
kolor obÅ‚Ä™dnya reszta super,Apple,iPhone12â€ŒPro256GB(niebieski),100,P,2.0,P
najlepszy iphone pory,Apple,iPhone12â€ŒPro256GB(niebieski),100,P,2.6666666666666665,P
kup przekonasz,Apple,iPhone12â€ŒPro256GB(niebieski),100,P,0.0,P
najlepszy najmniejszych,Apple,iPhone12â€ŒPro256GB(niebieski),100,P,4.0,P
zgrabny efektowny,Apple,iPhone12â€ŒPro256GB(niebieski),100,P,2.5,P
wykonanie super same zalety,Apple,iPhone12â€ŒPro256GB(niebieski),100,P,3.25,P
dobrze sprawuje,Apple,iPhone12â€ŒPro256GB(niebieski),100,P,2.5,P
zawsze ip innego,Apple,iPhone12â€ŒPro256GB(niebieski),100,P,0.0,P
najwyÅ¼sza jakoÅ›Ä‡ wykonania,Apple,iPhone12â€ŒPro256GB(niebieski),100,P,1.3333333333333333,P
oczekiwaÅ‚em,Apple,iPhone12â€ŒPro256GB(niebieski),100,P,0.0,P
jakoÅ›Ä‡ sama polecam,Apple,iPhone12â€ŒPro256GB(niebieski),100,P,3.0,P
super jestem b zadowolony,Apple,iPhone12â€ŒPro256GB(niebieski),100,P,3.75,P
rewelacyjny telefonpolecam,Apple,iPhone12â€ŒPro256GB(niebieski),100,P,5.0,P
dokÅ‚adnie taki,Apple,iPhone12â€ŒPro256GB(niebieski),100,P,2.5,P
Å›wietny wyglÄ…d powrÃ³ciÅ‚,Apple,iPhone12â€ŒPro256GB(niebieski),100,P,3.0,P
czekaÅ‚em maÅ‚ego iphonea,Apple,iPhone12â€ŒPro256GB(niebieski),100,P,0.0,P
produkt nowy dobrej marki,Apple,iPhone12â€ŒPro256GB(niebieski),100,P,2.25,P
rewelacja super rakieta,Apple,iPhone12â€ŒPro256GB(niebieski),100,P,6.0,P
zgodnie oczekiwaniami,Apple,iPhone12â€ŒPro256GB(niebieski),100,P,2.5,P
szybki Å‚atwy obsÅ‚udze,Apple,iPhone12â€ŒPro256GB(niebieski),100,P,1.6666666666666667,P
polecam maÅ‚y Å›wietny,Apple,iPhone12â€ŒPro256GB(niebieski),100,P,4.666666666666667,P
zgodnie ofertÄ…,Apple,iPhone12â€ŒPro256GB(niebieski),100,P,2.5,P
polecam Å›wietny telefon,Apple,iPhone12â€ŒPro256GB(niebieski),100,P,4.666666666666667,P
wÅ‚aÅ›ciwy rozmiar porÄ™czny,Apple,iPhone12â€ŒPro256GB(niebieski),100,P,3.0,P
produkt najwyÅ¼szej klasy,Apple,iPhone12â€ŒPro256GB(niebieski),100,P,2.0,P
Å›wietny telefon polecam,Apple,iPhone12â€ŒPro256GB(niebieski),100,P,4.666666666666667,P
miaÅ‚o,Apple,iPhone12â€ŒPro256GB(niebieski),100,P,0.0,P
speÅ‚nia moje oczekiwania,Apple,iPhone12â€ŒPro256GB(niebieski),100,P,1.6666666666666667,P
produkt zgodny opisem,Apple,iPhone12â€ŒPro256GB(niebieski),100,P,1.6666666666666667,P
zgodnie opisem,Apple,iPhone12â€ŒPro256GB(niebieski),100,P,2.5,P
